"Ministério da Ciência, Tecnologia e Inovações",,,,,,,,,,,,,,,,,,,,,,,,,,,
Sistema de Registro Nacional de Emissões (SIRENE),,,,,,,,,,,,,,,,,,,,,,,,,,,

Resultados do 4º Inventário Nacional (1990- 2016),,,,,,,,,,,,,,,,,,,,,,,,,,,

"CO₂e (GWP SAR)
(Gg)",1990,1991,1992,1993,1994,1995,1996,1997,1998,1999,2000,2001,2002,2003,2004,2005,2006,2007,2008,2009,2010,2011,2012,2013,2014,2015,2016
1. Energia," 192,809 "," 196,376 "," 201,530 "," 206,003 "," 214,843 "," 230,983 "," 248,210 "," 264,335 "," 271,850 "," 281,509 "," 288,164 "," 296,285 "," 294,967 "," 287,747 "," 303,659 "," 313,396 "," 318,097 "," 331,367 "," 351,122 "," 339,280 "," 374,671 "," 389,722 "," 422,573 "," 453,938 "," 481,276 "," 455,926 "," 423,580 "
1.A.   Atividades de Queima de Combustíveis (abordagem setorial)," 184,639 "," 188,281 "," 193,433 "," 197,746 "," 206,310 "," 222,515 "," 239,384 "," 254,728 "," 261,332 "," 270,292 "," 276,093 "," 283,479 "," 282,035 "," 275,491 "," 291,346 "," 296,460 "," 302,698 "," 315,763 "," 334,837 "," 317,588 "," 357,455 "," 373,458 "," 405,190 "," 436,066 "," 461,638 "," 436,504 "," 403,772 "
1.A.1.     Indústrias de Energia," 25,287 "," 23,415 "," 25,193 "," 25,261 "," 26,482 "," 27,694 "," 29,722 "," 32,903 "," 33,471 "," 39,677 "," 41,080 "," 44,525 "," 39,160 "," 39,589 "," 45,435 "," 47,317 "," 47,403 "," 47,303 "," 56,902 "," 47,026 "," 58,584 "," 53,271 "," 68,178 "," 91,539 "," 109,264 "," 103,909 "," 78,869 "
1.A.1.a.       Produção de eletricidade e calor como atividade principal," 6,265 "," 7,180 "," 7,841 "," 6,880 "," 7,538 "," 9,124 "," 10,161 "," 11,998 "," 12,484 "," 19,290 "," 19,142 "," 21,692 "," 17,201 "," 16,132 "," 20,375 "," 20,998 "," 20,747 "," 19,437 "," 26,590 "," 16,599 "," 26,701 "," 20,031 "," 35,065 "," 55,572 "," 70,158 "," 65,640 "," 42,872 "
1.A.1.b.       Refino de petróleo," 11,997 "," 10,065 "," 10,273 "," 11,471 "," 12,192 "," 11,588 "," 12,353 "," 13,500 "," 13,870 "," 13,683 "," 14,239 "," 14,891 "," 14,595 "," 14,958 "," 15,650 "," 17,019 "," 16,664 "," 17,559 "," 18,145 "," 17,918 "," 15,886 "," 16,283 "," 16,262 "," 18,427 "," 19,448 "," 18,593 "," 17,179 "
1.A.1.c.       Produção de combustíveis sólidos e outras indústrias de energia," 7,025 "," 6,170 "," 7,078 "," 6,910 "," 6,751 "," 6,983 "," 7,207 "," 7,405 "," 7,117 "," 6,704 "," 7,699 "," 7,942 "," 7,364 "," 8,499 "," 9,410 "," 9,300 "," 9,992 "," 10,307 "," 12,167 "," 12,510 "," 15,997 "," 16,958 "," 16,851 "," 17,540 "," 19,658 "," 19,676 "," 18,819 "
1.A.2.     Indústrias de Transformação e Construção," 37,638 "," 39,574 "," 41,063 "," 41,774 "," 43,071 "," 46,491 "," 52,075 "," 54,960 "," 55,863 "," 59,691 "," 63,310 "," 62,756 "," 63,609 "," 61,289 "," 62,409 "," 65,398 "," 66,691 "," 72,577 "," 74,016 "," 69,898 "," 78,287 "," 84,300 "," 83,040 "," 83,481 "," 84,316 "," 80,214 "," 75,050 "
1.A.2.a.       Ferro e aço," 4,737 "," 4,960 "," 5,466 "," 5,793 "," 5,782 "," 5,778 "," 5,866 "," 5,741 "," 5,365 "," 5,357 "," 5,677 "," 5,636 "," 6,104 "," 6,254 "," 6,578 "," 6,897 "," 6,889 "," 7,613 "," 8,102 "," 6,191 "," 7,325 "," 7,203 "," 7,286 "," 7,128 "," 7,574 "," 7,260 "," 6,842 "
1.A.2.b.       Metais não ferrosos," 1,382 "," 1,336 "," 1,445 "," 1,675 "," 1,648 "," 1,946 "," 2,840 "," 2,894 "," 3,332 "," 3,870 "," 4,266 "," 3,988 "," 4,190 "," 5,010 "," 5,276 "," 5,414 "," 5,641 "," 6,016 "," 5,678 "," 4,677 "," 8,564 "," 9,581 "," 9,555 "," 9,599 "," 9,991 "," 8,997 "," 8,978 "
1.A.2.c.       Produtos quimicos," 8,987 "," 9,614 "," 10,407 "," 9,718 "," 10,053 "," 11,135 "," 12,852 "," 14,619 "," 13,389 "," 14,640 "," 15,070 "," 15,143 "," 15,407 "," 14,673 "," 15,500 "," 15,301 "," 16,004 "," 16,310 "," 15,631 "," 15,563 "," 14,298 "," 15,664 "," 15,381 "," 14,692 "," 14,082 "," 14,468 "," 14,113 "
"1.A.2.d.       Celulose, papel e impressão"," 2,710 "," 2,979 "," 3,511 "," 3,390 "," 3,503 "," 4,005 "," 4,653 "," 4,335 "," 4,645 "," 4,949 "," 4,986 "," 4,817 "," 5,023 "," 4,741 "," 4,504 "," 4,876 "," 4,321 "," 4,428 "," 4,817 "," 4,421 "," 4,843 "," 4,943 "," 4,906 "," 4,902 "," 5,280 "," 5,008 "," 5,373 "
"1.A.2.e.       Processamento de alimentos, bebidas e tabaco"," 3,854 "," 3,871 "," 4,221 "," 4,298 "," 4,441 "," 4,891 "," 5,389 "," 5,020 "," 5,315 "," 5,473 "," 5,365 "," 5,497 "," 5,524 "," 5,498 "," 5,365 "," 5,378 "," 5,153 "," 5,658 "," 5,671 "," 5,704 "," 6,301 "," 6,216 "," 6,319 "," 6,140 "," 6,110 "," 6,060 "," 6,076 "
1.A.2.f.       Minerais não metálicos," 7,784 "," 8,647 "," 7,648 "," 7,899 "," 7,876 "," 8,930 "," 10,055 "," 11,648 "," 12,714 "," 13,362 "," 13,967 "," 14,393 "," 13,917 "," 12,506 "," 11,898 "," 13,166 "," 14,087 "," 15,905 "," 17,370 "," 18,557 "," 19,994 "," 22,629 "," 22,667 "," 23,472 "," 23,644 "," 21,348 "," 19,317 "
1.A.2.g.       Equipamentos de transporte," 4,089 "," 4,168 "," 4,104 "," 4,499 "," 4,912 "," 5,073 "," 5,069 "," 5,627 "," 5,849 "," 6,200 "," 7,091 "," 6,604 "," 6,523 "," 5,899 "," 6,059 "," 6,253 "," 6,250 "," 7,080 "," 7,904 "," 8,011 "," 8,279 "," 9,044 "," 8,273 "," 8,884 "," 8,952 "," 8,556 "," 7,770 "
1.A.2.i.       Mineração (exceto combustíveis) e extração," 2,457 "," 2,432 "," 2,695 "," 2,842 "," 3,458 "," 3,363 "," 3,855 "," 3,779 "," 3,943 "," 4,640 "," 5,556 "," 5,455 "," 5,624 "," 5,608 "," 6,026 "," 6,917 "," 7,149 "," 8,242 "," 7,653 "," 5,640 "," 7,613 "," 7,931 "," 7,619 "," 7,639 "," 7,821 "," 7,793 "," 5,925 "
1.A.2.l.       Têxtil e couro," 1,640 "," 1,567 "," 1,566 "," 1,660 "," 1,398 "," 1,372 "," 1,496 "," 1,295 "," 1,310 "," 1,200 "," 1,333 "," 1,223 "," 1,297 "," 1,101 "," 1,202 "," 1,195 "," 1,195 "," 1,324 "," 1,189 "," 1,135 "," 1,069 "," 1,090 "," 1,034 "," 1,025 ", 862 , 725 , 656 
1.A.3.     Transporte," 84,889 "," 88,771 "," 89,495 "," 92,737 "," 97,192 "," 107,494 "," 116,090 "," 123,078 "," 129,400 "," 126,753 "," 127,791 "," 130,311 "," 133,210 "," 130,716 "," 139,120 "," 139,470 "," 144,170 "," 150,185 "," 155,818 "," 154,414 "," 174,099 "," 190,390 "," 207,612 "," 215,132 "," 220,737 "," 205,367 "," 206,151 "
1.A.3.a.ii.          Aviação doméstica," 5,195 "," 5,436 "," 5,111 "," 5,397 "," 5,540 "," 6,431 "," 6,866 "," 7,727 "," 8,467 "," 7,892 "," 8,399 "," 8,634 "," 8,271 "," 5,918 "," 6,314 "," 5,938 "," 6,202 "," 6,751 "," 6,676 "," 7,834 "," 9,234 "," 10,522 "," 10,705 "," 10,273 "," 10,368 "," 10,495 "," 9,815 "
1.A.3.b.       Transporte rodoviário," 74,338 "," 78,138 "," 78,975 "," 81,426 "," 86,590 "," 95,960 "," 103,339 "," 110,975 "," 116,255 "," 114,107 "," 114,999 "," 116,780 "," 119,184 "," 119,339 "," 126,556 "," 127,033 "," 131,285 "," 135,734 "," 141,014 "," 138,857 "," 155,999 "," 171,497 "," 188,265 "," 195,444 "," 200,214 "," 186,768 "," 188,583 "
1.A.3.c.       Transporte Ferroviário," 1,838 "," 1,826 "," 1,876 "," 1,907 "," 1,429 "," 1,532 "," 1,410 "," 1,144 "," 1,217 "," 1,215 "," 1,402 "," 1,590 "," 2,406 "," 2,374 "," 2,706 "," 2,865 "," 3,173 "," 3,376 "," 3,433 "," 3,328 "," 3,296 "," 3,326 "," 3,411 "," 3,384 "," 3,318 "," 3,162 "," 3,101 "
1.A.3.d.ii.          Navegação doméstica," 3,519 "," 3,370 "," 3,533 "," 4,008 "," 3,633 "," 3,572 "," 4,475 "," 3,233 "," 3,461 "," 3,539 "," 2,991 "," 3,307 "," 3,349 "," 3,085 "," 3,544 "," 3,634 "," 3,511 "," 4,323 "," 4,694 "," 4,395 "," 4,459 "," 4,281 "," 4,195 "," 4,200 "," 4,811 "," 3,124 "," 2,390 "
1.A.3.e.       Outros transportes, -   , -   , -   , -   , -   , -   , -   , -   , -   , -   , -   , -   , -   , -   , -   , -   , -   , -   , -   , -   ," 1,111 ", 764 ," 1,036 "," 1,830 "," 2,026 "," 1,818 "," 2,262 "
1.A.4.     Outros Setores," 35,205 "," 35,777 "," 36,554 "," 37,233 "," 38,813 "," 39,957 "," 40,563 "," 41,444 "," 41,261 "," 43,092 "," 42,751 "," 44,685 "," 44,910 "," 43,121 "," 43,548 "," 43,122 "," 43,335 "," 44,507 "," 46,211 "," 45,066 "," 45,332 "," 44,576 "," 45,140 "," 44,849 "," 46,077 "," 46,294 "," 43,003 "
1.A.4.a.       Comercial / institucional," 2,708 "," 2,575 "," 2,602 "," 2,556 "," 3,671 "," 3,782 "," 3,242 "," 3,474 "," 3,790 "," 4,501 "," 4,441 "," 4,654 "," 4,979 "," 3,936 "," 4,107 "," 3,871 "," 3,865 "," 4,080 "," 3,921 "," 3,411 "," 2,898 "," 3,156 "," 2,981 "," 2,935 "," 3,055 "," 2,886 "," 2,860 "
1.A.4.b.       Residencial," 21,666 "," 22,012 "," 22,519 "," 22,119 "," 21,911 "," 22,011 "," 22,555 "," 22,648 "," 22,844 "," 23,377 "," 23,566 "," 23,878 "," 24,092 "," 23,226 "," 23,667 "," 23,548 "," 23,608 "," 23,688 "," 24,001 "," 24,058 "," 24,317 "," 23,827 "," 23,906 "," 23,600 "," 23,972 "," 24,201 "," 24,126 "
1.A.4.c.       Agricultura / silvicultura / pesca / piscicultura," 10,831 "," 11,190 "," 11,434 "," 12,558 "," 13,231 "," 14,163 "," 14,766 "," 15,322 "," 14,627 "," 15,214 "," 14,743 "," 16,153 "," 15,839 "," 15,958 "," 15,774 "," 15,703 "," 15,863 "," 16,740 "," 18,290 "," 17,596 "," 18,117 "," 17,593 "," 18,253 "," 18,314 "," 19,049 "," 19,207 "," 16,018 "
1.A.5.     Não Especificado," 1,621 ", 745 ," 1,128 ", 740 , 752 , 878 , 934 ," 2,343 "," 1,337 "," 1,079 "," 1,162 "," 1,203 "," 1,147 ", 777 , 835 ," 1,153 "," 1,098 "," 1,192 "," 1,890 "," 1,185 "," 1,153 ", 922 ," 1,219 "," 1,065 "," 1,244 ", 720 , 699 
1.B.   Emissões Fugitivas a Partir da Produção de Combustíveis," 8,170 "," 8,095 "," 8,097 "," 8,258 "," 8,533 "," 8,468 "," 8,827 "," 9,607 "," 10,519 "," 11,217 "," 12,070 "," 12,805 "," 12,932 "," 12,255 "," 12,313 "," 16,936 "," 15,399 "," 15,604 "," 16,285 "," 21,691 "," 17,216 "," 16,264 "," 17,383 "," 17,872 "," 19,638 "," 19,423 "," 19,807 "
1.B.1.     Combustíveis sólidos," 1,091 "," 1,185 ", 973 ," 1,031 ", 944 , 918 , 590 , 755 , 746 , 781 , 995 ," 1,315 ", 978 , 911 ," 1,062 "," 1,093 "," 1,068 "," 1,203 "," 1,301 "," 1,153 ", 891 , 987 ," 1,051 "," 1,314 "," 1,205 "," 1,112 "," 1,010 "
1.B.2.     Petróleo e Gás Natural ," 7,079 "," 6,910 "," 7,124 "," 7,227 "," 7,589 "," 7,550 "," 8,237 "," 8,852 "," 9,773 "," 10,436 "," 11,075 "," 11,490 "," 11,954 "," 11,344 "," 11,250 "," 15,842 "," 14,332 "," 14,401 "," 14,984 "," 20,539 "," 16,325 "," 15,277 "," 16,332 "," 16,558 "," 18,433 "," 18,310 "," 18,797 "
1.C.   Transporte e armazenamento de CO2, NO , NO , NO , NO , NO , NO , NO , NO , NO , NO , NO , NO , NO , NO , NO , NO , NO , NO , NO , NO , NO , NO , NO , NO , NO , NO , NO 

"Ministério da Ciência, Tecnologia e Inovações",,,,,,,,,,,,,,,,,,,,,,,,,,,
Sistema de Registro Nacional de Emissões (SIRENE),,,,,,,,,,,,,,,,,,,,,,,,,,,

Resultados do 4º Inventário Nacional (1990- 2016),,,,,,,,,,,,,,,,,,,,,,,,,,,

"CO₂e (GWP AR5)
(Gg)",1990,1991,1992,1993,1994,1995,1996,1997,1998,1999,2000,2001,2002,2003,2004,2005,2006,2007,2008,2009,2010,2011,2012,2013,2014,2015,2016
1. Energia," 196,118 "," 199,710 "," 204,745 "," 208,970 "," 217,730 "," 233,681 "," 250,762 "," 266,950 "," 274,490 "," 284,211 "," 290,986 "," 299,293 "," 298,076 "," 290,716 "," 306,898 "," 317,209 "," 321,676 "," 334,785 "," 354,484 "," 342,982 "," 377,818 "," 392,539 "," 425,468 "," 456,625 "," 483,998 "," 458,742 "," 426,279 "
1.A.   Atividades de Queima de Combustíveis (abordagem setorial)," 187,159 "," 190,790 "," 195,910 "," 199,942 "," 208,450 "," 224,471 "," 241,291 "," 256,599 "," 263,173 "," 272,127 "," 277,900 "," 285,309 "," 284,045 "," 277,575 "," 293,443 "," 298,578 "," 304,813 "," 317,748 "," 336,753 "," 319,418 "," 359,148 "," 374,895 "," 406,557 "," 437,188 "," 462,801 "," 437,717 "," 404,903 "
1.A.1.     Indústrias de Energia," 25,307 "," 23,434 "," 25,211 "," 25,280 "," 26,501 "," 27,712 "," 29,738 "," 32,919 "," 33,485 "," 39,689 "," 41,091 "," 44,535 "," 39,171 "," 39,603 "," 45,451 "," 47,333 "," 47,420 "," 47,323 "," 56,925 "," 47,045 "," 58,601 "," 53,288 "," 68,193 "," 91,549 "," 109,271 "," 103,918 "," 78,881 "
1.A.1.a.       Produção de eletricidade e calor como atividade principal," 6,263 "," 7,178 "," 7,840 "," 6,879 "," 7,536 "," 9,122 "," 10,159 "," 11,996 "," 12,482 "," 19,286 "," 19,139 "," 21,687 "," 17,197 "," 16,128 "," 20,370 "," 20,993 "," 20,742 "," 19,432 "," 26,584 "," 16,595 "," 26,695 "," 20,026 "," 35,057 "," 55,558 "," 70,141 "," 65,623 "," 42,859 "
1.A.1.b.       Refino de petróleo," 11,995 "," 10,063 "," 10,271 "," 11,469 "," 12,190 "," 11,586 "," 12,351 "," 13,497 "," 13,867 "," 13,680 "," 14,235 "," 14,888 "," 14,591 "," 14,954 "," 15,645 "," 17,014 "," 16,660 "," 17,555 "," 18,140 "," 17,913 "," 15,881 "," 16,279 "," 16,258 "," 18,422 "," 19,443 "," 18,588 "," 17,174 "
1.A.1.c.       Produção de combustíveis sólidos e outras indústrias de energia," 7,049 "," 6,193 "," 7,100 "," 6,932 "," 6,775 "," 7,004 "," 7,228 "," 7,427 "," 7,136 "," 6,723 "," 7,717 "," 7,960 "," 7,383 "," 8,521 "," 9,435 "," 9,326 "," 10,018 "," 10,336 "," 12,200 "," 12,537 "," 16,025 "," 16,984 "," 16,878 "," 17,569 "," 19,687 "," 19,707 "," 18,848 "
1.A.2.     Indústrias de Transformação e Construção," 37,633 "," 39,563 "," 41,052 "," 41,761 "," 43,061 "," 46,482 "," 52,071 "," 54,952 "," 55,852 "," 59,679 "," 63,297 "," 62,747 "," 63,603 "," 61,287 "," 62,409 "," 65,396 "," 66,690 "," 72,574 "," 74,009 "," 69,882 "," 78,269 "," 84,287 "," 83,025 "," 83,462 "," 84,293 "," 80,188 "," 75,024 "
1.A.2.a.       Ferro e aço," 4,737 "," 4,960 "," 5,466 "," 5,793 "," 5,782 "," 5,778 "," 5,866 "," 5,741 "," 5,365 "," 5,357 "," 5,677 "," 5,635 "," 6,103 "," 6,254 "," 6,578 "," 6,897 "," 6,889 "," 7,612 "," 8,102 "," 6,190 "," 7,325 "," 7,203 "," 7,286 "," 7,128 "," 7,574 "," 7,260 "," 6,842 "
1.A.2.b.       Metais não ferrosos," 1,381 "," 1,336 "," 1,445 "," 1,674 "," 1,648 "," 1,945 "," 2,840 "," 2,894 "," 3,332 "," 3,870 "," 4,266 "," 3,988 "," 4,190 "," 5,009 "," 5,276 "," 5,414 "," 5,641 "," 6,015 "," 5,678 "," 4,676 "," 8,563 "," 9,580 "," 9,554 "," 9,598 "," 9,990 "," 8,996 "," 8,977 "
1.A.2.c.       Produtos quimicos," 8,987 "," 9,614 "," 10,407 "," 9,719 "," 10,053 "," 11,135 "," 12,852 "," 14,620 "," 13,390 "," 14,641 "," 15,072 "," 15,146 "," 15,412 "," 14,680 "," 15,509 "," 15,310 "," 16,013 "," 16,319 "," 15,641 "," 15,573 "," 14,307 "," 15,674 "," 15,390 "," 14,700 "," 14,090 "," 14,477 "," 14,122 "
"1.A.2.d.       Celulose, papel e impressão"," 2,698 "," 2,968 "," 3,498 "," 3,376 "," 3,488 "," 3,991 "," 4,639 "," 4,321 "," 4,629 "," 4,932 "," 4,968 "," 4,800 "," 5,005 "," 4,721 "," 4,482 "," 4,853 "," 4,296 "," 4,402 "," 4,788 "," 4,392 "," 4,812 "," 4,911 "," 4,874 "," 4,868 "," 5,244 "," 4,969 "," 5,332 "
"1.A.2.e.       Processamento de alimentos, bebidas e tabaco"," 3,843 "," 3,859 "," 4,212 "," 4,290 "," 4,434 "," 4,885 "," 5,383 "," 5,016 "," 5,313 "," 5,471 "," 5,360 "," 5,496 "," 5,525 "," 5,501 "," 5,369 "," 5,382 "," 5,159 "," 5,665 "," 5,676 "," 5,710 "," 6,308 "," 6,222 "," 6,326 "," 6,145 "," 6,114 "," 6,064 "," 6,083 "
1.A.2.f.       Minerais não metálicos," 7,802 "," 8,660 "," 7,660 "," 7,911 "," 7,890 "," 8,945 "," 10,074 "," 11,661 "," 12,725 "," 13,372 "," 13,979 "," 14,404 "," 13,928 "," 12,520 "," 11,915 "," 13,181 "," 14,102 "," 15,918 "," 17,385 "," 18,561 "," 20,000 "," 22,640 "," 22,676 "," 23,481 "," 23,653 "," 21,356 "," 19,325 "
1.A.2.g.       Equipamentos de transporte," 4,086 "," 4,166 "," 4,102 "," 4,497 "," 4,910 "," 5,070 "," 5,066 "," 5,625 "," 5,847 "," 6,197 "," 7,088 "," 6,601 "," 6,520 "," 5,895 "," 6,055 "," 6,250 "," 6,246 "," 7,076 "," 7,899 "," 8,006 "," 8,274 "," 9,039 "," 8,268 "," 8,878 "," 8,947 "," 8,550 "," 7,765 "
1.A.2.i.       Mineração (exceto combustíveis) e extração," 2,458 "," 2,433 "," 2,697 "," 2,842 "," 3,458 "," 3,363 "," 3,855 "," 3,779 "," 3,943 "," 4,640 "," 5,555 "," 5,455 "," 5,623 "," 5,607 "," 6,026 "," 6,917 "," 7,149 "," 8,242 "," 7,652 "," 5,640 "," 7,613 "," 7,930 "," 7,619 "," 7,639 "," 7,820 "," 7,792 "," 5,925 "
1.A.2.l.       Têxtil e couro," 1,639 "," 1,566 "," 1,566 "," 1,660 "," 1,397 "," 1,371 "," 1,495 "," 1,295 "," 1,309 "," 1,199 "," 1,332 "," 1,222 "," 1,296 "," 1,099 "," 1,201 "," 1,194 "," 1,193 "," 1,323 "," 1,188 "," 1,133 "," 1,068 "," 1,089 "," 1,032 "," 1,024 ", 861 , 724 , 655 
1.A.3.     Transporte," 85,195 "," 89,096 "," 89,805 "," 93,039 "," 97,492 "," 107,780 "," 116,360 "," 123,300 "," 129,562 "," 126,862 "," 127,838 "," 130,308 "," 133,165 "," 130,650 "," 139,030 "," 139,359 "," 144,042 "," 150,040 "," 155,627 "," 154,194 "," 173,812 "," 190,041 "," 207,211 "," 214,678 "," 220,231 "," 204,851 "," 205,625 "
1.A.3.a.ii.          Aviação doméstica," 5,189 "," 5,430 "," 5,104 "," 5,390 "," 5,533 "," 6,423 "," 6,857 "," 7,717 "," 8,456 "," 7,883 "," 8,388 "," 8,624 "," 8,261 "," 5,911 "," 6,307 "," 5,931 "," 6,194 "," 6,743 "," 6,668 "," 7,825 "," 9,223 "," 10,509 "," 10,692 "," 10,261 "," 10,355 "," 10,482 "," 9,803 "
1.A.3.b.       Transporte rodoviário," 74,679 "," 78,499 "," 79,322 "," 81,765 "," 86,921 "," 96,279 "," 103,641 "," 111,225 "," 116,448 "," 114,246 "," 115,080 "," 116,814 "," 119,189 "," 119,318 "," 126,516 "," 126,974 "," 131,215 "," 135,651 "," 140,887 "," 138,701 "," 155,778 "," 171,215 "," 187,933 "," 195,058 "," 199,776 "," 186,317 "," 188,120 "
1.A.3.c.       Transporte Ferroviário," 1,810 "," 1,799 "," 1,848 "," 1,878 "," 1,407 "," 1,508 "," 1,389 "," 1,127 "," 1,198 "," 1,197 "," 1,381 "," 1,566 "," 2,369 "," 2,338 "," 2,665 "," 2,821 "," 3,124 "," 3,325 "," 3,380 "," 3,276 "," 3,244 "," 3,273 "," 3,357 "," 3,330 "," 3,266 "," 3,111 "," 3,051 "
1.A.3.d.ii.          Navegação doméstica," 3,517 "," 3,369 "," 3,531 "," 4,006 "," 3,631 "," 3,570 "," 4,473 "," 3,231 "," 3,459 "," 3,537 "," 2,989 "," 3,305 "," 3,347 "," 3,083 "," 3,542 "," 3,632 "," 3,509 "," 4,321 "," 4,692 "," 4,392 "," 4,456 "," 4,279 "," 4,193 "," 4,198 "," 4,809 "," 3,122 "," 2,389 "
1.A.3.e.       Outros transportes, -   , -   , -   , -   , -   , -   , -   , -   , -   , -   , -   , -   , -   , -   , -   , -   , -   , -   , -   , -   ," 1,111 ", 764 ," 1,036 "," 1,831 "," 2,026 "," 1,819 "," 2,262 "
1.A.4.     Outros Setores," 37,405 "," 37,954 "," 38,714 "," 39,122 "," 40,645 "," 41,619 "," 42,190 "," 43,087 "," 42,938 "," 44,818 "," 44,513 "," 46,517 "," 46,959 "," 45,259 "," 45,719 "," 45,338 "," 45,564 "," 46,621 "," 48,304 "," 47,114 "," 47,314 "," 46,357 "," 46,911 "," 46,435 "," 47,763 "," 48,041 "," 44,674 "
1.A.4.a.       Comercial / institucional," 2,732 "," 2,599 "," 2,626 "," 2,581 "," 3,694 "," 3,805 "," 3,266 "," 3,497 "," 3,811 "," 4,522 "," 4,461 "," 4,673 "," 4,996 "," 3,956 "," 4,126 "," 3,890 "," 3,884 "," 4,100 "," 3,941 "," 3,433 "," 2,922 "," 3,181 "," 3,006 "," 2,961 "," 3,081 "," 2,911 "," 2,883 "
1.A.4.b.       Residencial," 23,746 "," 24,082 "," 24,588 "," 23,929 "," 23,668 "," 23,599 "," 24,108 "," 24,220 "," 24,453 "," 25,039 "," 25,268 "," 25,653 "," 26,079 "," 25,292 "," 25,761 "," 25,684 "," 25,753 "," 25,715 "," 26,002 "," 26,018 "," 26,206 "," 25,516 "," 25,587 "," 25,087 "," 25,559 "," 25,845 "," 25,697 "
1.A.4.c.       Agricultura / silvicultura / pesca / piscicultura," 10,927 "," 11,273 "," 11,500 "," 12,612 "," 13,283 "," 14,215 "," 14,816 "," 15,371 "," 14,674 "," 15,257 "," 14,784 "," 16,191 "," 15,885 "," 16,011 "," 15,833 "," 15,764 "," 15,926 "," 16,806 "," 18,360 "," 17,663 "," 18,186 "," 17,660 "," 18,318 "," 18,388 "," 19,122 "," 19,284 "," 16,093 "
1.A.5.     Não Especificado," 1,620 ", 744 ," 1,127 ", 740 , 751 , 877 , 932 ," 2,342 "," 1,335 "," 1,078 "," 1,161 "," 1,201 "," 1,146 ", 776 , 834 ," 1,152 "," 1,096 "," 1,191 "," 1,888 "," 1,183 "," 1,152 ", 921 ," 1,218 "," 1,064 "," 1,243 ", 719 , 698 
1.B.   Emissões Fugitivas a Partir da Produção de Combustíveis," 8,959 "," 8,920 "," 8,835 "," 9,028 "," 9,279 "," 9,211 "," 9,470 "," 10,351 "," 11,318 "," 12,084 "," 13,085 "," 13,985 "," 14,031 "," 13,142 "," 13,455 "," 18,630 "," 16,863 "," 17,037 "," 17,731 "," 23,564 "," 18,670 "," 17,644 "," 18,911 "," 19,436 "," 21,197 "," 21,025 "," 21,375 "
1.B.1.     Combustíveis sólidos," 1,558 "," 1,692 "," 1,390 "," 1,473 "," 1,348 "," 1,312 ", 843 ," 1,079 "," 1,065 "," 1,116 "," 1,421 "," 1,879 "," 1,398 "," 1,302 "," 1,518 "," 1,562 "," 1,525 "," 1,718 "," 1,859 "," 1,647 "," 1,274 "," 1,410 "," 1,502 "," 1,877 "," 1,721 "," 1,589 "," 1,444 "
1.B.2.     Petróleo e Gás Natural ," 7,400 "," 7,227 "," 7,446 "," 7,555 "," 7,931 "," 7,899 "," 8,627 "," 9,272 "," 10,252 "," 10,968 "," 11,664 "," 12,106 "," 12,633 "," 11,840 "," 11,938 "," 17,069 "," 15,338 "," 15,319 "," 15,872 "," 21,917 "," 17,396 "," 16,235 "," 17,409 "," 17,559 "," 19,476 "," 19,436 "," 19,932 "
1.C.   Transporte e armazenamento de CO2, NO , NO , NO , NO , NO , NO , NO , NO , NO , NO , NO , NO , NO , NO , NO , NO , NO , NO , NO , NO , NO , NO , NO , NO , NO , NO , NO 

"Ministério da Ciência, Tecnologia e Inovações",,,,,,,,,,,,,,,,,,,,,,,,,,,
Sistema de Registro Nacional de Emissões (SIRENE),,,,,,,,,,,,,,,,,,,,,,,,,,,

Resultados do 4º Inventário Nacional (1990- 2016),,,,,,,,,,,,,,,,,,,,,,,,,,,

"CO₂e (GTP AR5)
(Gg)",1990,1991,1992,1993,1994,1995,1996,1997,1998,1999,2000,2001,2002,2003,2004,2005,2006,2007,2008,2009,2010,2011,2012,2013,2014,2015,2016
1. Energia," 182,643 "," 186,178 "," 191,575 "," 196,693 "," 205,585 "," 222,086 "," 239,417 "," 255,256 "," 262,593 "," 272,029 "," 278,508 "," 286,133 "," 284,225 "," 277,077 "," 292,268 "," 300,642 "," 305,798 "," 319,223 "," 338,718 "," 326,087 "," 362,290 "," 378,157 "," 410,690 "," 442,392 "," 469,341 "," 443,863 "," 411,890 "
1.A.   Atividades de Queima de Combustíveis (abordagem setorial)," 175,928 "," 179,596 "," 184,850 "," 189,862 "," 198,444 "," 215,010 "," 231,837 "," 247,075 "," 253,620 "," 262,499 "," 268,402 "," 275,579 "," 273,445 "," 266,542 "," 282,111 "," 287,064 "," 293,178 "," 306,309 "," 325,221 "," 308,305 "," 348,022 "," 364,559 "," 396,170 "," 427,387 "," 452,605 "," 427,371 "," 394,976 "
1.A.1.     Indústrias de Energia," 24,605 "," 22,758 "," 24,572 "," 24,632 "," 25,822 "," 27,075 "," 29,120 "," 32,274 "," 32,906 "," 39,108 "," 40,525 "," 43,972 "," 38,574 "," 38,929 "," 44,683 "," 46,547 "," 46,613 "," 46,446 "," 55,928 "," 46,239 "," 57,707 "," 52,469 "," 67,320 "," 90,580 "," 108,262 "," 102,885 "," 77,949 "
1.A.1.a.       Produção de eletricidade e calor como atividade principal," 6,259 "," 7,174 "," 7,835 "," 6,874 "," 7,531 "," 9,116 "," 10,153 "," 11,987 "," 12,472 "," 19,272 "," 19,126 "," 21,668 "," 17,178 "," 16,109 "," 20,343 "," 20,966 "," 20,716 "," 19,411 "," 26,548 "," 16,577 "," 26,656 "," 19,999 "," 35,004 "," 55,474 "," 70,037 "," 65,526 "," 42,799 "
1.A.1.b.       Refino de petróleo," 11,988 "," 10,057 "," 10,265 "," 11,462 "," 12,182 "," 11,578 "," 12,342 "," 13,487 "," 13,857 "," 13,670 "," 14,224 "," 14,875 "," 14,578 "," 14,941 "," 15,632 "," 17,000 "," 16,645 "," 17,540 "," 18,124 "," 17,897 "," 15,867 "," 16,265 "," 16,245 "," 18,406 "," 19,427 "," 18,572 "," 17,160 "
1.A.1.c.       Produção de combustíveis sólidos e outras indústrias de energia," 6,358 "," 5,528 "," 6,472 "," 6,296 "," 6,109 "," 6,381 "," 6,625 "," 6,800 "," 6,577 "," 6,166 "," 7,176 "," 7,428 "," 6,817 "," 7,880 "," 8,709 "," 8,581 "," 9,251 "," 9,495 "," 11,256 "," 11,765 "," 15,184 "," 16,205 "," 16,072 "," 16,701 "," 18,798 "," 18,786 "," 17,990 "
1.A.2.     Indústrias de Transformação e Construção," 37,158 "," 39,109 "," 40,591 "," 41,292 "," 42,531 "," 45,943 "," 51,501 "," 54,372 "," 55,227 "," 59,019 "," 62,695 "," 62,074 "," 62,877 "," 60,479 "," 61,563 "," 64,530 "," 65,733 "," 71,567 "," 73,006 "," 68,888 "," 77,169 "," 83,161 "," 81,898 "," 82,354 "," 83,225 "," 79,155 "," 73,940 "
1.A.2.a.       Ferro e aço," 4,732 "," 4,955 "," 5,459 "," 5,785 "," 5,775 "," 5,771 "," 5,860 "," 5,735 "," 5,359 "," 5,350 "," 5,670 "," 5,629 "," 6,096 "," 6,246 "," 6,569 "," 6,888 "," 6,880 "," 7,602 "," 8,090 "," 6,182 "," 7,314 "," 7,192 "," 7,274 "," 7,117 "," 7,560 "," 7,248 "," 6,831 "
1.A.2.b.       Metais não ferrosos," 1,379 "," 1,334 "," 1,443 "," 1,672 "," 1,645 "," 1,942 "," 2,837 "," 2,891 "," 3,328 "," 3,866 "," 4,261 "," 3,984 "," 4,186 "," 5,005 "," 5,271 "," 5,409 "," 5,636 "," 6,010 "," 5,673 "," 4,672 "," 8,557 "," 9,573 "," 9,547 "," 9,591 "," 9,983 "," 8,989 "," 8,970 "
1.A.2.c.       Produtos quimicos," 8,964 "," 9,591 "," 10,385 "," 9,697 "," 10,030 "," 11,111 "," 12,830 "," 14,594 "," 13,364 "," 14,612 "," 15,038 "," 15,109 "," 15,368 "," 14,629 "," 15,446 "," 15,245 "," 15,947 "," 16,251 "," 15,573 "," 15,504 "," 14,240 "," 15,603 "," 15,324 "," 14,639 "," 14,030 "," 14,412 "," 14,059 "
"1.A.2.d.       Celulose, papel e impressão"," 2,657 "," 2,926 "," 3,452 "," 3,328 "," 3,439 "," 3,942 "," 4,592 "," 4,274 "," 4,573 "," 4,875 "," 4,908 "," 4,737 "," 4,941 "," 4,651 "," 4,411 "," 4,776 "," 4,215 "," 4,316 "," 4,698 "," 4,298 "," 4,710 "," 4,810 "," 4,778 "," 4,766 "," 5,143 "," 4,862 "," 5,219 "
"1.A.2.e.       Processamento de alimentos, bebidas e tabaco"," 3,625 "," 3,639 "," 3,966 "," 4,045 "," 4,138 "," 4,582 "," 5,068 "," 4,675 "," 4,928 "," 5,057 "," 5,022 "," 5,083 "," 5,066 "," 4,986 "," 4,842 "," 4,843 "," 4,543 "," 5,010 "," 5,048 "," 5,047 "," 5,564 "," 5,489 "," 5,580 "," 5,425 "," 5,433 "," 5,408 "," 5,359 "
1.A.2.f.       Minerais não metálicos," 7,661 "," 8,541 "," 7,557 "," 7,799 "," 7,772 "," 8,823 "," 9,929 "," 11,538 "," 12,610 "," 13,257 "," 13,856 "," 14,287 "," 13,816 "," 12,398 "," 11,781 "," 13,049 "," 13,965 "," 15,782 "," 17,231 "," 18,449 "," 19,877 "," 22,484 "," 22,523 "," 23,324 "," 23,496 "," 21,217 "," 19,200 "
1.A.2.g.       Equipamentos de transporte," 4,059 "," 4,139 "," 4,081 "," 4,474 "," 4,886 "," 5,046 "," 5,044 "," 5,601 "," 5,823 "," 6,174 "," 7,064 "," 6,578 "," 6,498 "," 5,869 "," 6,028 "," 6,223 "," 6,219 "," 7,047 "," 7,868 "," 7,975 "," 8,240 "," 9,004 "," 8,234 "," 8,843 "," 8,912 "," 8,517 "," 7,733 "
1.A.2.i.       Mineração (exceto combustíveis) e extração," 2,448 "," 2,423 "," 2,687 "," 2,837 "," 3,453 "," 3,359 "," 3,850 "," 3,773 "," 3,938 "," 4,633 "," 5,548 "," 5,447 "," 5,615 "," 5,599 "," 6,016 "," 6,906 "," 7,138 "," 8,229 "," 7,640 "," 5,632 "," 7,602 "," 7,919 "," 7,608 "," 7,628 "," 7,810 "," 7,781 "," 5,917 "
1.A.2.l.       Têxtil e couro," 1,633 "," 1,561 "," 1,561 "," 1,655 "," 1,393 "," 1,367 "," 1,491 "," 1,291 "," 1,305 "," 1,195 "," 1,328 "," 1,219 "," 1,293 "," 1,096 "," 1,197 "," 1,191 "," 1,190 "," 1,319 "," 1,185 "," 1,130 "," 1,065 "," 1,086 "," 1,030 "," 1,021 ", 858 , 722 , 652 
1.A.3.     Transporte," 83,466 "," 87,277 "," 88,033 "," 91,274 "," 95,688 "," 105,873 "," 114,348 "," 121,323 "," 127,657 "," 125,106 "," 126,266 "," 128,847 "," 131,726 "," 129,267 "," 137,609 "," 137,962 "," 142,684 "," 148,587 "," 154,139 "," 152,750 "," 172,318 "," 188,543 "," 205,680 "," 213,136 "," 218,679 "," 203,370 "," 204,198 "
1.A.3.a.ii.          Aviação doméstica," 5,184 "," 5,425 "," 5,100 "," 5,385 "," 5,528 "," 6,417 "," 6,851 "," 7,710 "," 8,449 "," 7,876 "," 8,381 "," 8,616 "," 8,254 "," 5,906 "," 6,301 "," 5,926 "," 6,189 "," 6,737 "," 6,663 "," 7,818 "," 9,215 "," 10,500 "," 10,683 "," 10,252 "," 10,347 "," 10,473 "," 9,795 "
1.A.3.b.       Transporte rodoviário," 72,987 "," 76,717 "," 77,587 "," 80,039 "," 85,149 "," 94,406 "," 101,665 "," 109,278 "," 114,575 "," 112,522 "," 113,540 "," 115,389 "," 117,795 "," 117,977 "," 125,143 "," 125,627 "," 129,910 "," 134,257 "," 139,460 "," 137,317 "," 154,346 "," 169,780 "," 186,466 "," 193,580 "," 198,288 "," 184,895 "," 186,749 "
1.A.3.c.       Transporte Ferroviário," 1,789 "," 1,777 "," 1,826 "," 1,855 "," 1,390 "," 1,490 "," 1,372 "," 1,113 "," 1,184 "," 1,182 "," 1,364 "," 1,547 "," 2,341 "," 2,310 "," 2,633 "," 2,787 "," 3,087 "," 3,284 "," 3,338 "," 3,236 "," 3,203 "," 3,232 "," 3,315 "," 3,288 "," 3,224 "," 3,071 "," 3,012 "
1.A.3.d.ii.          Navegação doméstica," 3,506 "," 3,359 "," 3,520 "," 3,994 "," 3,620 "," 3,560 "," 4,460 "," 3,221 "," 3,449 "," 3,526 "," 2,980 "," 3,295 "," 3,337 "," 3,074 "," 3,531 "," 3,621 "," 3,498 "," 4,308 "," 4,678 "," 4,379 "," 4,443 "," 4,266 "," 4,180 "," 4,185 "," 4,795 "," 3,113 "," 2,382 "
1.A.3.e.       Outros transportes, -   , -   , -   , -   , -   , -   , -   , -   , -   , -   , -   , -   , -   , -   , -   , -   , -   , -   , -   , -   ," 1,110 ", 763 ," 1,036 "," 1,830 "," 2,025 "," 1,818 "," 2,261 "
1.A.4.     Outros Setores," 29,081 "," 29,707 "," 30,528 "," 31,925 "," 33,652 "," 35,243 "," 35,936 "," 36,767 "," 36,496 "," 38,189 "," 37,756 "," 39,486 "," 39,124 "," 37,091 "," 37,423 "," 36,875 "," 37,053 "," 38,520 "," 40,261 "," 39,247 "," 39,677 "," 39,466 "," 40,055 "," 40,255 "," 41,199 "," 41,243 "," 38,190 "
1.A.4.a.       Comercial / institucional," 2,639 "," 2,506 "," 2,533 "," 2,487 "," 3,606 "," 3,718 "," 3,176 "," 3,409 "," 3,728 "," 4,439 "," 4,384 "," 4,599 "," 4,927 "," 3,877 "," 4,051 "," 3,813 "," 3,806 "," 4,018 "," 3,858 "," 3,348 "," 2,829 "," 3,081 "," 2,906 "," 2,861 "," 2,980 "," 2,813 "," 2,789 "
1.A.4.b.       Residencial," 16,006 "," 16,379 "," 16,884 "," 17,184 "," 17,117 "," 17,671 "," 18,304 "," 18,345 "," 18,438 "," 18,827 "," 18,906 "," 19,017 "," 18,660 "," 17,586 "," 17,948 "," 17,715 "," 17,749 "," 18,146 "," 18,530 "," 18,699 "," 19,146 "," 19,195 "," 19,298 "," 19,512 "," 19,615 "," 19,688 "," 19,809 "
1.A.4.c.       Agricultura / silvicultura / pesca / piscicultura," 10,436 "," 10,822 "," 11,111 "," 12,254 "," 12,930 "," 13,854 "," 14,455 "," 15,013 "," 14,330 "," 14,923 "," 14,466 "," 15,871 "," 15,537 "," 15,628 "," 15,424 "," 15,347 "," 15,497 "," 16,355 "," 17,873 "," 17,200 "," 17,702 "," 17,190 "," 17,851 "," 17,882 "," 18,605 "," 18,742 "," 15,592 "
1.A.5.     Não Especificado," 1,618 ", 743 ," 1,126 ", 739 , 751 , 876 , 932 ," 2,339 "," 1,334 "," 1,077 "," 1,160 "," 1,200 "," 1,145 ", 775 , 833 ," 1,151 "," 1,095 "," 1,190 "," 1,886 "," 1,182 "," 1,151 ", 920 ," 1,217 "," 1,063 "," 1,242 ", 718 , 698 
1.B.   Emissões Fugitivas a Partir da Produção de Combustíveis," 6,715 "," 6,582 "," 6,725 "," 6,830 "," 7,141 "," 7,076 "," 7,581 "," 8,182 "," 8,973 "," 9,530 "," 10,107 "," 10,554 "," 10,780 "," 10,536 "," 10,156 "," 13,578 "," 12,619 "," 12,915 "," 13,497 "," 17,782 "," 14,268 "," 13,598 "," 14,520 "," 15,005 "," 16,735 "," 16,492 "," 16,914 "
1.B.1.     Combustíveis sólidos, 312 , 338 , 278 , 295 , 270 , 262 , 169 , 216 , 213 , 223 , 284 , 376 , 280 , 260 , 304 , 312 , 305 , 344 , 372 , 329 , 255 , 282 , 300 , 375 , 344 , 318 , 289 
1.B.2.     Petróleo e Gás Natural ," 6,403 "," 6,244 "," 6,447 "," 6,536 "," 6,871 "," 6,814 "," 7,412 "," 7,966 "," 8,760 "," 9,307 "," 9,822 "," 10,179 "," 10,500 "," 10,276 "," 9,853 "," 13,266 "," 12,314 "," 12,571 "," 13,125 "," 17,452 "," 14,013 "," 13,316 "," 14,220 "," 14,630 "," 16,391 "," 16,174 "," 16,625 "
1.C.   Transporte e armazenamento de CO2, NO , NO , NO , NO , NO , NO , NO , NO , NO , NO , NO , NO , NO , NO , NO , NO , NO , NO , NO , NO , NO , NO , NO , NO , NO , NO , NO 

"Ministério da Ciência, Tecnologia e Inovações",,,,,,,,,,,,,,,,,,,,,,,,,,,
Sistema de Registro Nacional de Emissões (SIRENE),,,,,,,,,,,,,,,,,,,,,,,,,,,

Resultados do 4º Inventário Nacional (1990- 2016),,,,,,,,,,,,,,,,,,,,,,,,,,,

"CO₂ 
(Gg)",1990,1991,1992,1993,1994,1995,1996,1997,1998,1999,2000,2001,2002,2003,2004,2005,2006,2007,2008,2009,2010,2011,2012,2013,2014,2015,2016
1. Energia," 177,046 "," 180,564 "," 186,066 "," 191,351 "," 200,128 "," 216,613 "," 233,816 "," 249,335 "," 256,470 "," 265,728 "," 272,173 "," 279,460 "," 277,150 "," 269,839 "," 284,503 "," 292,351 "," 297,469 "," 310,634 "," 329,701 "," 317,026 "," 352,903 "," 368,824 "," 400,894 "," 432,346 "," 458,908 "," 433,397 "," 401,690 "
1.A.   Atividades de Queima de Combustíveis (abordagem setorial)," 170,855 "," 174,530 "," 179,832 "," 185,032 "," 193,483 "," 210,030 "," 226,662 "," 241,647 "," 248,026 "," 256,773 "," 262,738 "," 269,687 "," 267,097 "," 259,898 "," 275,107 "," 279,894 "," 285,827 "," 298,680 "," 317,169 "," 300,476 "," 339,596 "," 356,153 "," 387,400 "," 418,400 "," 443,238 "," 418,006 "," 385,850 "
1.A.1.     Indústrias de Energia," 23,706 "," 21,893 "," 23,753 "," 23,802 "," 24,953 "," 26,255 "," 28,322 "," 31,438 "," 32,153 "," 38,347 "," 39,781 "," 43,224 "," 37,786 "," 38,047 "," 43,676 "," 45,514 "," 45,552 "," 45,302 "," 54,625 "," 45,188 "," 56,526 "," 51,394 "," 66,158 "," 89,266 "," 106,878 "," 101,474 "," 76,693 "
1.A.1.a.       Produção de eletricidade e calor como atividade principal," 6,248 "," 7,161 "," 7,821 "," 6,862 "," 7,518 "," 9,099 "," 10,135 "," 11,966 "," 12,450 "," 19,238 "," 19,092 "," 21,623 "," 17,136 "," 16,068 "," 20,285 "," 20,909 "," 20,658 "," 19,364 "," 26,472 "," 16,536 "," 26,577 "," 19,941 "," 34,894 "," 55,296 "," 69,818 "," 65,319 "," 42,663 "
1.A.1.b.       Refino de petróleo," 11,968 "," 10,039 "," 10,247 "," 11,443 "," 12,162 "," 11,558 "," 12,319 "," 13,460 "," 13,829 "," 13,641 "," 14,194 "," 14,842 "," 14,543 "," 14,904 "," 15,594 "," 16,960 "," 16,605 "," 17,500 "," 18,081 "," 17,855 "," 15,827 "," 16,229 "," 16,209 "," 18,362 "," 19,383 "," 18,529 "," 17,121 "
1.A.1.c.       Produção de combustíveis sólidos e outras indústrias de energia," 5,490 "," 4,693 "," 5,685 "," 5,497 "," 5,273 "," 5,599 "," 5,868 "," 6,012 "," 5,874 "," 5,467 "," 6,495 "," 6,759 "," 6,106 "," 7,075 "," 7,797 "," 7,646 "," 8,288 "," 8,439 "," 10,072 "," 10,796 "," 14,122 "," 15,224 "," 15,055 "," 15,607 "," 17,677 "," 17,626 "," 16,909 "
1.A.2.     Indústrias de Transformação e Construção," 36,470 "," 38,428 "," 39,897 "," 40,582 "," 41,744 "," 45,149 "," 50,684 "," 53,525 "," 54,305 "," 58,045 "," 61,798 "," 61,093 "," 61,835 "," 59,338 "," 60,378 "," 63,308 "," 64,389 "," 70,142 "," 71,573 "," 67,430 "," 75,552 "," 81,528 "," 80,256 "," 80,720 "," 81,628 "," 77,598 "," 72,312 "
1.A.2.a.       Ferro e aço," 4,725 "," 4,946 "," 5,449 "," 5,774 "," 5,766 "," 5,763 "," 5,852 "," 5,726 "," 5,350 "," 5,341 "," 5,660 "," 5,619 "," 6,084 "," 6,235 "," 6,556 "," 6,876 "," 6,868 "," 7,588 "," 8,073 "," 6,168 "," 7,299 "," 7,177 "," 7,258 "," 7,100 "," 7,540 "," 7,231 "," 6,816 "
1.A.2.b.       Metais não ferrosos," 1,374 "," 1,330 "," 1,438 "," 1,667 "," 1,640 "," 1,936 "," 2,832 "," 2,886 "," 3,322 "," 3,859 "," 4,254 "," 3,977 "," 4,179 "," 4,997 "," 5,264 "," 5,402 "," 5,628 "," 6,001 "," 5,665 "," 4,665 "," 8,544 "," 9,559 "," 9,533 "," 9,578 "," 9,968 "," 8,976 "," 8,956 "
1.A.2.c.       Produtos quimicos," 8,932 "," 9,560 "," 10,356 "," 9,667 "," 9,998 "," 11,080 "," 12,800 "," 14,562 "," 13,332 "," 14,577 "," 15,001 "," 15,070 "," 15,326 "," 14,584 "," 15,395 "," 15,192 "," 15,892 "," 16,194 "," 15,519 "," 15,448 "," 14,187 "," 15,548 "," 15,270 "," 14,588 "," 13,980 "," 14,360 "," 14,008 "
"1.A.2.d.       Celulose, papel e impressão"," 2,551 "," 2,822 "," 3,334 "," 3,202 "," 3,308 "," 3,811 "," 4,468 "," 4,149 "," 4,425 "," 4,720 "," 4,746 "," 4,575 "," 4,772 "," 4,466 "," 4,219 "," 4,572 "," 3,997 "," 4,085 "," 4,449 "," 4,042 "," 4,434 "," 4,534 "," 4,507 "," 4,480 "," 4,847 "," 4,546 "," 4,886 "
"1.A.2.e.       Processamento de alimentos, bebidas e tabaco"," 3,273 "," 3,283 "," 3,586 "," 3,665 "," 3,694 "," 4,132 "," 4,603 "," 4,179 "," 4,377 "," 4,469 "," 4,530 "," 4,501 "," 4,425 "," 4,278 "," 4,119 "," 4,102 "," 3,704 "," 4,120 "," 4,187 "," 4,142 "," 4,548 "," 4,488 "," 4,562 "," 4,439 "," 4,497 "," 4,505 "," 4,373 "
1.A.2.f.       Minerais não metálicos," 7,543 "," 8,430 "," 7,460 "," 7,696 "," 7,665 "," 8,716 "," 9,807 "," 11,420 "," 12,495 "," 13,140 "," 13,735 "," 14,172 "," 13,708 "," 12,286 "," 11,663 "," 12,926 "," 13,837 "," 15,647 "," 17,079 "," 18,312 "," 19,727 "," 22,314 "," 22,350 "," 23,141 "," 23,313 "," 21,056 "," 19,055 "
1.A.2.g.       Equipamentos de transporte," 4,012 "," 4,092 "," 4,044 "," 4,435 "," 4,844 "," 5,002 "," 5,000 "," 5,557 "," 5,779 "," 6,130 "," 7,017 "," 6,534 "," 6,454 "," 5,818 "," 5,974 "," 6,169 "," 6,164 "," 6,989 "," 7,805 "," 7,913 "," 8,172 "," 8,933 "," 8,164 "," 8,771 "," 8,840 "," 8,448 "," 7,669 "
1.A.2.i.       Mineração (exceto combustíveis) e extração," 2,440 "," 2,415 "," 2,678 "," 2,831 "," 3,445 "," 3,352 "," 3,841 "," 3,765 "," 3,929 "," 4,623 "," 5,535 "," 5,435 "," 5,602 "," 5,586 "," 6,002 "," 6,889 "," 7,120 "," 8,210 "," 7,622 "," 5,619 "," 7,585 "," 7,901 "," 7,591 "," 7,611 "," 7,792 "," 7,763 "," 5,904 "
1.A.2.l.       Têxtil e couro," 1,620 "," 1,549 "," 1,552 "," 1,645 "," 1,383 "," 1,357 "," 1,481 "," 1,282 "," 1,297 "," 1,187 "," 1,319 "," 1,210 "," 1,284 "," 1,086 "," 1,187 "," 1,181 "," 1,180 "," 1,309 "," 1,174 "," 1,121 "," 1,055 "," 1,076 "," 1,021 "," 1,012 ", 850 , 714 , 645 
1.A.3.     Transporte," 82,338 "," 86,105 "," 86,863 "," 90,078 "," 94,432 "," 104,411 "," 112,671 "," 119,489 "," 125,674 "," 123,106 "," 124,262 "," 126,788 "," 129,522 "," 127,048 "," 135,236 "," 135,530 "," 140,238 "," 145,937 "," 151,247 "," 149,793 "," 169,010 "," 184,966 "," 201,834 "," 209,051 "," 214,361 "," 199,110 "," 199,974 "
1.A.3.a.ii.          Aviação doméstica," 5,151 "," 5,390 "," 5,067 "," 5,351 "," 5,493 "," 6,376 "," 6,807 "," 7,661 "," 8,395 "," 7,825 "," 8,327 "," 8,561 "," 8,201 "," 5,868 "," 6,261 "," 5,889 "," 6,150 "," 6,695 "," 6,621 "," 7,769 "," 9,157 "," 10,434 "," 10,616 "," 10,187 "," 10,281 "," 10,407 "," 9,733 "
1.A.3.b.       Transporte rodoviário," 72,062 "," 75,747 "," 76,624 "," 79,058 "," 84,068 "," 93,132 "," 100,174 "," 107,607 "," 112,767 "," 110,693 "," 111,723 "," 113,535 "," 115,860 "," 116,008 "," 123,053 "," 123,488 "," 127,782 "," 131,953 "," 136,924 "," 134,715 "," 151,403 "," 166,579 "," 183,002 "," 189,874 "," 194,349 "," 180,993 "," 182,869 "
1.A.3.c.       Transporte Ferroviário," 1,642 "," 1,630 "," 1,674 "," 1,701 "," 1,274 "," 1,367 "," 1,258 "," 1,021 "," 1,085 "," 1,084 "," 1,251 "," 1,419 "," 2,146 "," 2,118 "," 2,414 "," 2,556 "," 2,830 "," 3,009 "," 3,055 "," 2,959 "," 2,925 "," 2,952 "," 3,027 "," 3,003 "," 2,943 "," 2,800 "," 2,746 "
1.A.3.d.ii.          Navegação doméstica," 3,484 "," 3,337 "," 3,498 "," 3,969 "," 3,597 "," 3,537 "," 4,431 "," 3,200 "," 3,427 "," 3,503 "," 2,961 "," 3,274 "," 3,315 "," 3,054 "," 3,508 "," 3,598 "," 3,476 "," 4,280 "," 4,648 "," 4,351 "," 4,414 "," 4,239 "," 4,153 "," 4,158 "," 4,764 "," 3,093 "," 2,367 "
1.A.3.e.       Outros transportes, -   , -   , -   , -   , -   , -   , -   , -   , -   , -   , -   , -   , -   , -   , -   , -   , -   , -   , -   , -   ," 1,110 ", 763 ," 1,035 "," 1,829 "," 2,024 "," 1,817 "," 2,260 "
1.A.4.     Outros Setores," 26,728 "," 27,366 "," 28,198 "," 29,835 "," 31,608 "," 33,343 "," 34,059 "," 34,865 "," 34,568 "," 36,206 "," 35,745 "," 37,390 "," 36,817 "," 34,696 "," 34,988 "," 34,398 "," 34,559 "," 36,116 "," 37,848 "," 36,890 "," 37,365 "," 37,350 "," 37,943 "," 38,306 "," 39,137 "," 39,111 "," 36,177 "
1.A.4.a.       Comercial / institucional," 2,611 "," 2,479 "," 2,506 "," 2,462 "," 3,580 "," 3,694 "," 3,151 "," 3,384 "," 3,702 "," 4,412 "," 4,357 "," 4,572 "," 4,901 "," 3,849 "," 4,023 "," 3,786 "," 3,778 "," 3,989 "," 3,829 "," 3,321 "," 2,799 "," 3,049 "," 2,874 "," 2,829 "," 2,947 "," 2,781 "," 2,758 "
1.A.4.b.       Residencial," 13,964 "," 14,345 "," 14,846 "," 15,392 "," 15,374 "," 16,083 "," 16,745 "," 16,765 "," 16,821 "," 17,156 "," 17,195 "," 17,233 "," 16,675 "," 15,532 "," 15,863 "," 15,591 "," 15,616 "," 16,123 "," 16,530 "," 16,738 "," 17,249 "," 17,487 "," 17,598 "," 17,994 "," 18,002 "," 18,021 "," 18,209 "
1.A.4.c.       Agricultura / silvicultura / pesca / piscicultura," 10,154 "," 10,542 "," 10,846 "," 11,982 "," 12,654 "," 13,567 "," 14,163 "," 14,717 "," 14,046 "," 14,638 "," 14,193 "," 15,586 "," 15,241 "," 15,315 "," 15,102 "," 15,022 "," 15,165 "," 16,004 "," 17,489 "," 16,831 "," 17,316 "," 16,814 "," 17,471 "," 17,484 "," 18,188 "," 18,309 "," 15,210 "
1.A.5.     Não Especificado," 1,612 ", 739 ," 1,121 ", 734 , 746 , 871 , 926 ," 2,330 "," 1,326 "," 1,070 "," 1,152 "," 1,192 "," 1,137 ", 770 , 828 ," 1,144 "," 1,089 "," 1,182 "," 1,874 "," 1,175 "," 1,144 ", 914 ," 1,209 "," 1,057 "," 1,234 ", 714 , 693 
1.B.   Emissões Fugitivas a Partir da Produção de Combustíveis," 6,191 "," 6,034 "," 6,234 "," 6,319 "," 6,645 "," 6,583 "," 7,154 "," 7,688 "," 8,443 "," 8,955 "," 9,434 "," 9,773 "," 10,053 "," 9,941 "," 9,396 "," 12,457 "," 11,642 "," 11,954 "," 12,532 "," 16,550 "," 13,307 "," 12,671 "," 13,494 "," 13,947 "," 15,670 "," 15,391 "," 15,840 "
1.B.1.     Combustíveis sólidos, NO , NO , NO , NO , NO , NO , NO , NO , NO , NO , NO , NO , NO , NO , NO , NO , NO , NO , NO , NO , NO , NO , NO , NO , NO , NO , NO 
1.B.2.     Petróleo e Gás Natural ," 6,191 "," 6,034 "," 6,234 "," 6,319 "," 6,645 "," 6,583 "," 7,154 "," 7,688 "," 8,443 "," 8,955 "," 9,434 "," 9,773 "," 10,053 "," 9,941 "," 9,396 "," 12,457 "," 11,642 "," 11,954 "," 12,532 "," 16,550 "," 13,307 "," 12,671 "," 13,494 "," 13,947 "," 15,670 "," 15,391 "," 15,840 "
1.C.   Transporte e armazenamento de CO2, NO , NO , NO , NO , NO , NO , NO , NO , NO , NO , NO , NO , NO , NO , NO , NO , NO , NO , NO , NO , NO , NO , NO , NO , NO , NO , NO 

"Ministério da Ciência, Tecnologia e Inovações",,,,,,,,,,,,,,,,,,,,,,,,,,,
Sistema de Registro Nacional de Emissões (SIRENE),,,,,,,,,,,,,,,,,,,,,,,,,,,

Resultados do 4º Inventário Nacional (1990- 2016),,,,,,,,,,,,,,,,,,,,,,,,,,,

"CH₄ 
(Gg)",1990,1991,1992,1993,1994,1995,1996,1997,1998,1999,2000,2001,2002,2003,2004,2005,2006,2007,2008,2009,2010,2011,2012,2013,2014,2015,2016
1. Energia, 543.3 , 545.7 , 530.8 , 493.7 , 487.4 , 463.9 , 452.3 , 465.5 , 473.0 , 484.2 , 496.7 , 524.1 , 551.1 , 541.0 , 580.6 , 660.4 , 630.8 , 615.9 , 622.1 , 669.8 , 609.6 , 561.3 , 575.8 , 551.3 , 567.1 , 576.5 , 557.1 
1.A.   Atividades de Queima de Combustíveis (abordagem setorial), 449.9 , 448.4 , 442.9 , 402.2 , 398.3 , 375.0 , 373.6 , 375.2 , 375.5 , 377.9 , 372.7 , 381.3 , 415.8 , 432.6 , 443.3 , 450.1 , 454.2 , 444.4 , 445.9 , 429.3 , 426.5 , 392.9 , 393.1 , 366.9 , 381.5 , 387.9 , 371.5 
1.A.1.     Indústrias de Energia, 24.9 , 23.9 , 22.6 , 22.9 , 24.0 , 22.5 , 21.8 , 22.8 , 20.4 , 20.5 , 19.9 , 19.8 , 21.0 , 23.7 , 27.0 , 27.7 , 28.4 , 30.9 , 35.1 , 28.4 , 31.4 , 28.8 , 30.6 , 33.9 , 35.2 , 36.1 , 32.6 
1.A.1.a.       Produção de eletricidade e calor como atividade principal, 0.1 , 0.1 , 0.1 , 0.1 , 0.1 , 0.2 , 0.2 , 0.2 , 0.3 , 0.4 , 0.4 , 0.5 , 0.6 , 0.6 , 0.8 , 0.8 , 0.8 , 0.6 , 1.1 , 0.6 , 1.2 , 0.8 , 1.7 , 2.6 , 3.2 , 3.0 , 1.8 
1.A.1.b.       Refino de petróleo, 0.2 , 0.2 , 0.2 , 0.2 , 0.2 , 0.2 , 0.2 , 0.3 , 0.3 , 0.3 , 0.3 , 0.3 , 0.3 , 0.4 , 0.4 , 0.4 , 0.4 , 0.4 , 0.4 , 0.4 , 0.4 , 0.4 , 0.4 , 0.5 , 0.4 , 0.4 , 0.4 
1.A.1.c.       Produção de combustíveis sólidos e outras indústrias de energia, 24.6 , 23.6 , 22.3 , 22.6 , 23.7 , 22.1 , 21.4 , 22.3 , 19.9 , 19.8 , 19.2 , 18.9 , 20.1 , 22.8 , 25.8 , 26.5 , 27.2 , 29.9 , 33.6 , 27.4 , 29.9 , 27.6 , 28.6 , 30.8 , 31.6 , 32.7 , 30.4 
1.A.2.     Indústrias de Transformação e Construção, 16.3 , 15.5 , 15.8 , 16.0 , 18.1 , 18.5 , 19.7 , 19.9 , 21.4 , 22.6 , 20.6 , 23.1 , 25.1 , 28.0 , 29.4 , 30.0 , 33.2 , 34.9 , 34.7 , 34.1 , 37.7 , 38.8 , 38.7 , 38.0 , 36.5 , 35.2 , 37.0 
1.A.2.a.       Ferro e aço, 0.2 , 0.2 , 0.2 , 0.3 , 0.2 , 0.2 , 0.2 , 0.2 , 0.2 , 0.2 , 0.2 , 0.2 , 0.3 , 0.3 , 0.3 , 0.3 , 0.3 , 0.3 , 0.4 , 0.3 , 0.3 , 0.4 , 0.4 , 0.4 , 0.5 , 0.4 , 0.4 
1.A.2.b.       Metais não ferrosos, 0.1 , 0.1 , 0.1 , 0.1 , 0.1 , 0.1 , 0.1 , 0.1 , 0.1 , 0.1 , 0.1 , 0.1 , 0.1 , 0.2 , 0.2 , 0.2 , 0.2 , 0.2 , 0.2 , 0.1 , 0.2 , 0.2 , 0.2 , 0.2 , 0.2 , 0.2 , 0.2 
1.A.2.c.       Produtos quimicos, 0.8 , 0.8 , 0.8 , 0.8 , 0.8 , 0.8 , 0.8 , 0.9 , 1.0 , 1.1 , 1.2 , 1.4 , 1.7 , 1.9 , 2.4 , 2.5 , 2.5 , 2.6 , 2.6 , 2.6 , 2.6 , 2.7 , 2.5 , 2.3 , 2.3 , 2.5 , 2.4 
"1.A.2.d.       Celulose, papel e impressão", 1.1 , 1.2 , 1.3 , 1.4 , 1.3 , 1.3 , 1.3 , 1.3 , 1.6 , 1.6 , 1.6 , 1.7 , 1.8 , 2.0 , 1.9 , 2.1 , 2.2 , 2.4 , 2.5 , 2.6 , 2.8 , 2.7 , 2.6 , 2.7 , 2.6 , 2.8 , 2.9 
"1.A.2.e.       Processamento de alimentos, bebidas e tabaco", 7.3 , 7.4 , 8.3 , 8.3 , 10.1 , 10.4 , 10.8 , 11.7 , 13.3 , 14.3 , 11.6 , 14.3 , 16.0 , 18.0 , 18.3 , 18.8 , 21.5 , 22.9 , 21.9 , 23.2 , 26.0 , 25.6 , 26.0 , 25.1 , 23.7 , 22.9 , 25.3 
1.A.2.f.       Minerais não metálicos, 5.3 , 4.4 , 3.8 , 4.2 , 4.5 , 4.6 , 5.5 , 4.6 , 4.3 , 4.3 , 4.6 , 4.3 , 4.2 , 4.5 , 5.0 , 4.9 , 5.1 , 5.0 , 5.7 , 4.0 , 4.4 , 5.7 , 5.5 , 5.7 , 5.7 , 5.0 , 4.5 
1.A.2.g.       Equipamentos de transporte, 0.9 , 0.9 , 0.7 , 0.7 , 0.8 , 0.8 , 0.7 , 0.8 , 0.7 , 0.7 , 0.8 , 0.7 , 0.7 , 0.8 , 0.9 , 0.8 , 0.9 , 0.9 , 1.0 , 1.0 , 1.0 , 1.1 , 1.1 , 1.1 , 1.1 , 1.0 , 1.0 
1.A.2.i.       Mineração (exceto combustíveis) e extração, 0.4 , 0.4 , 0.4 , 0.2 , 0.2 , 0.1 , 0.2 , 0.2 , 0.2 , 0.2 , 0.3 , 0.3 , 0.3 , 0.3 , 0.3 , 0.4 , 0.4 , 0.4 , 0.4 , 0.3 , 0.3 , 0.4 , 0.3 , 0.3 , 0.3 , 0.4 , 0.3 
1.A.2.l.       Têxtil e couro, 0.2 , 0.2 , 0.1 , 0.1 , 0.1 , 0.1 , 0.1 , 0.1 , 0.1 , 0.1 , 0.1 , 0.1 , 0.1 , 0.1 , 0.1 , 0.1 , 0.1 , 0.1 , 0.1 , 0.1 , 0.1 , 0.1 , 0.1 , 0.1 , 0.1 , 0.1 , 0.1 
1.A.3.     Transporte, 67.3 , 70.8 , 68.9 , 68.5 , 69.8 , 73.0 , 76.2 , 73.9 , 70.0 , 63.5 , 55.7 , 50.6 , 48.9 , 46.4 , 47.2 , 45.8 , 44.0 , 47.0 , 47.1 , 44.9 , 45.0 , 43.6 , 43.5 , 42.7 , 41.8 , 39.1 , 37.0 
1.A.3.a.ii.          Aviação doméstica, 0.0 , 0.0 , 0.0 , 0.0 , 0.0 , 0.0 , 0.0 , 0.0 , 0.0 , 0.0 , 0.0 , 0.0 , 0.0 , 0.0 , 0.0 , 0.0 , 0.0 , 0.0 , 0.0 , 0.0 , 0.0 , 0.0 , 0.0 , 0.0 , 0.0 , 0.0 , 0.0 
1.A.3.b.       Transporte rodoviário, 66.9 , 70.4 , 68.5 , 68.0 , 69.4 , 72.6 , 75.8 , 73.5 , 69.6 , 63.1 , 55.3 , 50.2 , 48.4 , 46.0 , 46.7 , 45.3 , 43.6 , 46.4 , 46.5 , 44.3 , 44.4 , 43.1 , 42.9 , 42.1 , 41.1 , 38.6 , 36.5 
1.A.3.c.       Transporte Ferroviário, 0.1 , 0.1 , 0.1 , 0.1 , 0.1 , 0.1 , 0.1 , 0.1 , 0.1 , 0.1 , 0.1 , 0.1 , 0.1 , 0.1 , 0.1 , 0.1 , 0.2 , 0.2 , 0.2 , 0.2 , 0.2 , 0.2 , 0.2 , 0.2 , 0.2 , 0.2 , 0.2 
1.A.3.d.ii.          Navegação doméstica, 0.3 , 0.3 , 0.3 , 0.4 , 0.3 , 0.3 , 0.4 , 0.3 , 0.3 , 0.3 , 0.3 , 0.3 , 0.3 , 0.3 , 0.3 , 0.3 , 0.3 , 0.4 , 0.4 , 0.4 , 0.4 , 0.4 , 0.4 , 0.4 , 0.4 , 0.3 , 0.2 
1.A.3.e.       Outros transportes, -   , -   , -   , -   , -   , -   , -   , -   , -   , -   , -   , -   , -   , -   , -   , -   , -   , -   , -   , -   , 0.0 , 0.0 , 0.0 , 0.0 , 0.0 , 0.0 , 0.0 
1.A.4.     Outros Setores, 341.4 , 338.2 , 335.6 , 294.9 , 286.4 , 261.0 , 255.9 , 258.6 , 263.6 , 271.3 , 276.6 , 287.8 , 320.9 , 334.5 , 339.7 , 346.6 , 348.6 , 331.6 , 329.0 , 321.9 , 312.3 , 281.7 , 280.2 , 252.4 , 268.0 , 277.6 , 264.9 
1.A.4.a.       Comercial / institucional, 3.8 , 3.8 , 3.8 , 3.8 , 3.6 , 3.5 , 3.7 , 3.6 , 3.4 , 3.4 , 3.1 , 3.0 , 2.8 , 3.2 , 3.0 , 3.1 , 3.2 , 3.3 , 3.4 , 3.5 , 3.8 , 4.1 , 4.1 , 4.1 , 4.1 , 4.0 , 3.8 
1.A.4.b.       Residencial, 318.2 , 316.7 , 316.8 , 277.3 , 269.3 , 243.6 , 238.5 , 241.4 , 247.1 , 255.2 , 261.4 , 272.7 , 304.9 , 316.7 , 321.1 , 327.6 , 329.0 , 311.1 , 307.1 , 300.8 , 290.1 , 259.7 , 258.4 , 229.0 , 244.2 , 252.9 , 241.9 
1.A.4.c.       Agricultura / silvicultura / pesca / piscicultura, 19.3 , 17.7 , 15.1 , 13.7 , 13.5 , 13.8 , 13.7 , 13.6 , 13.0 , 12.6 , 12.0 , 12.0 , 13.2 , 14.6 , 15.6 , 15.9 , 16.4 , 17.2 , 18.6 , 17.6 , 18.5 , 17.9 , 17.7 , 19.3 , 19.7 , 20.7 , 19.2 
1.A.5.     Não Especificado, 0.1 , 0.0 , 0.0 , 0.0 , 0.0 , 0.0 , 0.0 , 0.0 , 0.0 , 0.0 , 0.0 , 0.0 , 0.0 , 0.0 , 0.0 , 0.0 , 0.0 , 0.0 , 0.0 , 0.0 , 0.0 , 0.0 , 0.0 , 0.0 , 0.0 , 0.0 , 0.0 
1.B.   Emissões Fugitivas a Partir da Produção de Combustíveis, 93.4 , 97.3 , 87.8 , 91.5 , 89.0 , 88.9 , 78.7 , 90.3 , 97.6 , 106.3 , 124.0 , 142.8 , 135.3 , 108.4 , 137.3 , 210.2 , 176.6 , 171.6 , 176.2 , 240.5 , 183.1 , 168.4 , 182.7 , 184.4 , 185.6 , 188.6 , 185.6 
1.B.1.     Combustíveis sólidos, 51.9 , 56.4 , 46.3 , 49.1 , 44.9 , 43.7 , 28.1 , 36.0 , 35.5 , 37.2 , 47.4 , 62.6 , 46.6 , 43.4 , 50.6 , 52.1 , 50.8 , 57.3 , 62.0 , 54.9 , 42.5 , 47.0 , 50.1 , 62.6 , 57.4 , 53.0 , 48.1 
1.B.2.     Petróleo e Gás Natural , 41.5 , 40.9 , 41.5 , 42.4 , 44.1 , 45.1 , 50.6 , 54.3 , 62.1 , 69.1 , 76.6 , 80.2 , 88.7 , 65.0 , 86.7 , 158.2 , 125.8 , 114.3 , 114.2 , 185.7 , 140.7 , 121.4 , 132.7 , 121.8 , 128.2 , 135.6 , 137.5 
1.C.   Transporte e armazenamento de CO2, NA , NA , NA , NA , NA , NA , NA , NA , NA , NA , NA , NA , NA , NA , NA , NA , NA , NA , NA , NA , NA , NA , NA , NA , NA , NA , NA 

"Ministério da Ciência, Tecnologia e Inovações",,,,,,,,,,,,,,,,,,,,,,,,,,,
Sistema de Registro Nacional de Emissões (SIRENE),,,,,,,,,,,,,,,,,,,,,,,,,,,

Resultados do 4º Inventário Nacional (1990- 2016),,,,,,,,,,,,,,,,,,,,,,,,,,,

"N₂O
 (Gg)",1990,1991,1992,1993,1994,1995,1996,1997,1998,1999,2000,2001,2002,2003,2004,2005,2006,2007,2008,2009,2010,2011,2012,2013,2014,2015,2016
1. Energia, 14.04 , 14.04 , 13.93 , 13.82 , 14.45 , 14.93 , 15.80 , 16.85 , 17.57 , 18.10 , 17.94 , 18.77 , 20.14 , 21.12 , 22.46 , 23.15 , 23.81 , 25.15 , 26.96 , 26.41 , 28.92 , 29.39 , 30.93 , 32.31 , 33.74 , 33.62 , 32.88 
1.A.   Atividades de Queima de Combustíveis (abordagem setorial), 13.99 , 13.98 , 13.87 , 13.77 , 14.39 , 14.87 , 15.73 , 16.78 , 17.49 , 18.01 , 17.83 , 18.66 , 20.02 , 20.99 , 22.36 , 22.95 , 23.65 , 25.00 , 26.79 , 26.12 , 28.72 , 29.21 , 30.76 , 32.14 , 33.51 , 33.39 , 32.65 
1.A.1.     Indústrias de Energia, 3.42 , 3.29 , 3.11 , 3.15 , 3.31 , 3.12 , 3.04 , 3.18 , 2.87 , 2.90 , 2.84 , 2.86 , 3.01 , 3.37 , 3.84 , 3.94 , 4.05 , 4.36 , 4.97 , 4.00 , 4.51 , 4.10 , 4.44 , 5.04 , 5.31 , 5.41 , 4.81 
1.A.1.a.       Produção de eletricidade e calor como atividade principal, 0.05 , 0.05 , 0.06 , 0.05 , 0.05 , 0.07 , 0.07 , 0.09 , 0.09 , 0.14 , 0.14 , 0.18 , 0.17 , 0.17 , 0.23 , 0.23 , 0.23 , 0.19 , 0.30 , 0.16 , 0.32 , 0.23 , 0.44 , 0.72 , 0.88 , 0.84 , 0.55 
1.A.1.b.       Refino de petróleo, 0.08 , 0.07 , 0.07 , 0.08 , 0.08 , 0.08 , 0.09 , 0.11 , 0.11 , 0.11 , 0.12 , 0.14 , 0.14 , 0.15 , 0.16 , 0.16 , 0.16 , 0.16 , 0.18 , 0.17 , 0.16 , 0.15 , 0.15 , 0.18 , 0.18 , 0.18 , 0.16 
1.A.1.c.       Produção de combustíveis sólidos e outras indústrias de energia, 3.29 , 3.16 , 2.98 , 3.03 , 3.17 , 2.96 , 2.87 , 2.98 , 2.66 , 2.65 , 2.58 , 2.54 , 2.69 , 3.05 , 3.46 , 3.55 , 3.65 , 4.00 , 4.49 , 3.67 , 4.03 , 3.72 , 3.85 , 4.15 , 4.25 , 4.40 , 4.10 
1.A.2.     Indústrias de Transformação e Construção, 2.66 , 2.65 , 2.69 , 2.76 , 3.05 , 3.08 , 3.15 , 3.28 , 3.57 , 3.78 , 3.48 , 3.80 , 4.03 , 4.40 , 4.56 , 4.71 , 5.17 , 5.49 , 5.53 , 5.65 , 6.27 , 6.32 , 6.36 , 6.33 , 6.20 , 6.05 , 6.33 
1.A.2.a.       Ferro e aço, 0.03 , 0.03 , 0.04 , 0.04 , 0.04 , 0.03 , 0.03 , 0.03 , 0.03 , 0.04 , 0.04 , 0.04 , 0.04 , 0.04 , 0.05 , 0.05 , 0.05 , 0.06 , 0.07 , 0.05 , 0.06 , 0.06 , 0.06 , 0.06 , 0.08 , 0.07 , 0.06 
1.A.2.b.       Metais não ferrosos, 0.02 , 0.02 , 0.02 , 0.02 , 0.02 , 0.02 , 0.02 , 0.02 , 0.02 , 0.03 , 0.03 , 0.03 , 0.03 , 0.03 , 0.03 , 0.03 , 0.03 , 0.03 , 0.03 , 0.03 , 0.05 , 0.06 , 0.05 , 0.05 , 0.06 , 0.05 , 0.05 
1.A.2.c.       Produtos quimicos, 0.12 , 0.12 , 0.11 , 0.12 , 0.12 , 0.12 , 0.11 , 0.12 , 0.12 , 0.13 , 0.14 , 0.14 , 0.15 , 0.16 , 0.18 , 0.18 , 0.19 , 0.20 , 0.19 , 0.19 , 0.18 , 0.19 , 0.19 , 0.18 , 0.17 , 0.18 , 0.17 
"1.A.2.d.       Celulose, papel e impressão", 0.43 , 0.43 , 0.48 , 0.51 , 0.54 , 0.54 , 0.51 , 0.51 , 0.60 , 0.63 , 0.66 , 0.67 , 0.69 , 0.75 , 0.79 , 0.84 , 0.90 , 0.95 , 1.02 , 1.05 , 1.13 , 1.13 , 1.11 , 1.18 , 1.22 , 1.30 , 1.37 
"1.A.2.e.       Processamento de alimentos, bebidas e tabaco", 1.38 , 1.40 , 1.48 , 1.48 , 1.72 , 1.75 , 1.80 , 1.92 , 2.13 , 2.27 , 1.91 , 2.25 , 2.46 , 2.72 , 2.78 , 2.84 , 3.22 , 3.41 , 3.30 , 3.47 , 3.89 , 3.84 , 3.91 , 3.78 , 3.60 , 3.47 , 3.78 
1.A.2.f.       Minerais não metálicos, 0.41 , 0.40 , 0.35 , 0.37 , 0.38 , 0.38 , 0.43 , 0.43 , 0.42 , 0.43 , 0.44 , 0.42 , 0.39 , 0.40 , 0.42 , 0.44 , 0.46 , 0.49 , 0.55 , 0.52 , 0.56 , 0.63 , 0.65 , 0.68 , 0.69 , 0.60 , 0.54 
1.A.2.g.       Equipamentos de transporte, 0.19 , 0.19 , 0.15 , 0.16 , 0.17 , 0.17 , 0.17 , 0.18 , 0.18 , 0.18 , 0.19 , 0.18 , 0.17 , 0.20 , 0.22 , 0.21 , 0.22 , 0.23 , 0.25 , 0.25 , 0.28 , 0.29 , 0.28 , 0.29 , 0.29 , 0.28 , 0.26 
1.A.2.i.       Mineração (exceto combustíveis) e extração, 0.03 , 0.03 , 0.03 , 0.03 , 0.03 , 0.03 , 0.03 , 0.03 , 0.03 , 0.04 , 0.05 , 0.05 , 0.05 , 0.05 , 0.06 , 0.07 , 0.07 , 0.08 , 0.07 , 0.05 , 0.07 , 0.07 , 0.07 , 0.07 , 0.07 , 0.07 , 0.05 
1.A.2.l.       Têxtil e couro, 0.05 , 0.05 , 0.04 , 0.04 , 0.04 , 0.04 , 0.04 , 0.04 , 0.04 , 0.04 , 0.04 , 0.04 , 0.04 , 0.04 , 0.04 , 0.04 , 0.04 , 0.04 , 0.04 , 0.04 , 0.04 , 0.04 , 0.04 , 0.04 , 0.04 , 0.03 , 0.03 
1.A.3.     Transporte, 3.67 , 3.80 , 3.82 , 3.94 , 4.17 , 5.00 , 5.87 , 6.57 , 7.28 , 7.46 , 7.61 , 7.93 , 8.59 , 8.69 , 9.33 , 9.61 , 9.70 , 10.52 , 11.55 , 11.87 , 13.37 , 14.54 , 15.69 , 16.72 , 17.74 , 17.54 , 17.42 
1.A.3.a.ii.          Aviação doméstica, 0.14 , 0.15 , 0.14 , 0.15 , 0.15 , 0.18 , 0.19 , 0.21 , 0.23 , 0.22 , 0.23 , 0.24 , 0.23 , 0.16 , 0.17 , 0.16 , 0.17 , 0.18 , 0.18 , 0.21 , 0.25 , 0.28 , 0.29 , 0.28 , 0.28 , 0.28 , 0.26 
1.A.3.b.       Transporte rodoviário, 2.81 , 2.94 , 2.95 , 3.03 , 3.44 , 4.20 , 5.08 , 5.89 , 6.54 , 6.74 , 6.82 , 7.07 , 7.44 , 7.63 , 8.14 , 8.37 , 8.35 , 9.06 , 10.04 , 10.36 , 11.82 , 12.95 , 14.07 , 15.12 , 16.13 , 16.01 , 15.96 
1.A.3.c.       Transporte Ferroviário, 0.63 , 0.63 , 0.65 , 0.66 , 0.49 , 0.53 , 0.49 , 0.39 , 0.42 , 0.42 , 0.48 , 0.55 , 0.83 , 0.82 , 0.93 , 0.99 , 1.09 , 1.17 , 1.21 , 1.18 , 1.18 , 1.20 , 1.23 , 1.22 , 1.20 , 1.16 , 1.13 
1.A.3.d.ii.          Navegação doméstica, 0.09 , 0.09 , 0.09 , 0.10 , 0.09 , 0.09 , 0.12 , 0.08 , 0.09 , 0.09 , 0.08 , 0.09 , 0.09 , 0.08 , 0.09 , 0.09 , 0.09 , 0.11 , 0.12 , 0.11 , 0.12 , 0.11 , 0.11 , 0.11 , 0.12 , 0.08 , 0.06 
1.A.3.e.       Outros transportes, -   , -   , -   , -   , -   , -   , -   , -   , -   , -   , -   , -   , -   , -   , -   , -   , -   , -   , -   , -   , 0.00 , 0.00 , 0.00 , 0.00 , 0.00 , 0.00 , 0.00 
1.A.4.     Outros Setores, 4.22 , 4.22 , 4.22 , 3.89 , 3.84 , 3.66 , 3.65 , 3.71 , 3.73 , 3.84 , 3.86 , 4.04 , 4.37 , 4.52 , 4.60 , 4.66 , 4.70 , 4.60 , 4.69 , 4.57 , 4.54 , 4.23 , 4.24 , 4.01 , 4.23 , 4.36 , 4.08 
1.A.4.a.       Comercial / institucional, 0.05 , 0.05 , 0.05 , 0.04 , 0.05 , 0.05 , 0.04 , 0.05 , 0.05 , 0.06 , 0.06 , 0.06 , 0.06 , 0.06 , 0.07 , 0.06 , 0.07 , 0.07 , 0.07 , 0.06 , 0.06 , 0.07 , 0.07 , 0.07 , 0.07 , 0.07 , 0.07 
1.A.4.b.       Residencial, 3.29 , 3.28 , 3.29 , 2.92 , 2.85 , 2.62 , 2.59 , 2.62 , 2.69 , 2.78 , 2.85 , 2.96 , 3.27 , 3.37 , 3.42 , 3.48 , 3.49 , 3.33 , 3.30 , 3.24 , 3.15 , 2.86 , 2.85 , 2.57 , 2.72 , 2.80 , 2.70 
1.A.4.c.       Agricultura / silvicultura / pesca / piscicultura, 0.88 , 0.89 , 0.88 , 0.93 , 0.95 , 0.99 , 1.01 , 1.03 , 0.99 , 1.00 , 0.96 , 1.01 , 1.04 , 1.09 , 1.11 , 1.12 , 1.14 , 1.21 , 1.33 , 1.27 , 1.33 , 1.30 , 1.32 , 1.37 , 1.44 , 1.49 , 1.31 
1.A.5.     Não Especificado, 0.02 , 0.02 , 0.02 , 0.02 , 0.02 , 0.02 , 0.03 , 0.04 , 0.03 , 0.03 , 0.03 , 0.03 , 0.03 , 0.02 , 0.02 , 0.03 , 0.03 , 0.03 , 0.05 , 0.03 , 0.03 , 0.02 , 0.03 , 0.03 , 0.03 , 0.02 , 0.02 
1.B.   Emissões Fugitivas a Partir da Produção de Combustíveis, 0.06 , 0.06 , 0.06 , 0.06 , 0.06 , 0.06 , 0.07 , 0.07 , 0.08 , 0.09 , 0.11 , 0.11 , 0.12 , 0.12 , 0.11 , 0.21 , 0.16 , 0.15 , 0.17 , 0.29 , 0.20 , 0.19 , 0.17 , 0.17 , 0.23 , 0.23 , 0.23 
1.B.1.     Combustíveis sólidos, NO , NO , NO , NO , NO , NO , NO , NO , NO , NO , NO , NO , NO , NO , NO , NO , NO , NO , NO , NO , NO , NO , NO , NO , NO , NO , NO 
1.B.2.     Petróleo e Gás Natural , 0.06 , 0.06 , 0.06 , 0.06 , 0.06 , 0.06 , 0.07 , 0.07 , 0.08 , 0.09 , 0.11 , 0.11 , 0.12 , 0.12 , 0.11 , 0.21 , 0.16 , 0.15 , 0.17 , 0.29 , 0.20 , 0.19 , 0.17 , 0.17 , 0.23 , 0.23 , 0.23 
1.C.   Transporte e armazenamento de CO2, NA , NA , NA , NA , NA , NA , NA , NA , NA , NA , NA , NA , NA , NA , NA , NA , NA , NA , NA , NA , NA , NA , NA , NA , NA , NA , NA 

"Ministério da Ciência, Tecnologia e Inovações",,,,,,,,,,,,,,,,,,,,,,,,,,,
Sistema de Registro Nacional de Emissões (SIRENE),,,,,,,,,,,,,,,,,,,,,,,,,,,

Resultados do 4º Inventário Nacional (1990- 2016),,,,,,,,,,,,,,,,,,,,,,,,,,,

"CO
(Gg)",1990,1991,1992,1993,1994,1995,1996,1997,1998,1999,2000,2001,2002,2003,2004,2005,2006,2007,2008,2009,2010,2011,2012,2013,2014,2015,2016
1. Energia," 9,001 "," 9,164 "," 8,879 "," 8,745 "," 8,833 "," 8,692 "," 8,702 "," 8,404 "," 7,984 "," 7,603 "," 7,052 "," 6,656 "," 6,707 "," 6,849 "," 7,084 "," 7,057 "," 7,005 "," 7,257 "," 7,362 "," 6,819 "," 7,028 "," 6,783 "," 6,738 "," 6,648 "," 6,766 "," 6,662 "," 6,399 "
1.A.   Atividades de Queima de Combustíveis (abordagem setorial)," 9,001 "," 9,164 "," 8,879 "," 8,745 "," 8,833 "," 8,692 "," 8,702 "," 8,404 "," 7,984 "," 7,603 "," 7,052 "," 6,656 "," 6,707 "," 6,849 "," 7,084 "," 7,057 "," 7,005 "," 7,257 "," 7,362 "," 6,819 "," 7,028 "," 6,783 "," 6,738 "," 6,648 "," 6,766 "," 6,662 "," 6,399 "
1.A.1.     Indústrias de Energia," 1,372 "," 1,275 "," 1,201 "," 1,234 "," 1,276 "," 1,190 "," 1,124 "," 1,143 "," 1,031 "," 1,058 "," 1,071 "," 1,036 "," 1,094 "," 1,241 "," 1,434 "," 1,453 "," 1,466 "," 1,570 "," 1,705 "," 1,329 "," 1,458 "," 1,406 "," 1,466 "," 1,544 "," 1,585 "," 1,618 "," 1,485 "
1.A.1.a.       Produção de eletricidade e calor como atividade principal, 3 , 3 , 4 , 4 , 4 , 6 , 5 , 7 , 8 , 11 , 9 , 11 , 11 , 12 , 15 , 15 , 13 , 11 , 18 , 11 , 19 , 15 , 26 , 36 , 44 , 38 , 22 
1.A.1.b.       Refino de petróleo, 8 , 8 , 9 , 10 , 11 , 11 , 13 , 15 , 16 , 16 , 17 , 17 , 17 , 19 , 19 , 21 , 21 , 22 , 22 , 21 , 17 , 18 , 18 , 19 , 20 , 18 , 17 
1.A.1.c.       Produção de combustíveis sólidos e outras indústrias de energia," 1,361 "," 1,264 "," 1,188 "," 1,221 "," 1,261 "," 1,174 "," 1,106 "," 1,121 "," 1,007 "," 1,030 "," 1,045 "," 1,008 "," 1,067 "," 1,211 "," 1,399 "," 1,417 "," 1,431 "," 1,537 "," 1,665 "," 1,296 "," 1,422 "," 1,373 "," 1,423 "," 1,490 "," 1,521 "," 1,561 "," 1,446 "
1.A.2.     Indústrias de Transformação e Construção, 788 , 781 , 750 , 807 , 855 , 836 , 888 , 885 , 953 ," 1,043 "," 1,074 "," 1,085 "," 1,119 "," 1,275 "," 1,304 "," 1,372 "," 1,458 "," 1,555 "," 1,647 "," 1,696 "," 1,906 "," 1,975 "," 1,921 "," 1,998 "," 2,073 "," 2,080 "," 2,101 "
1.A.2.a.       Ferro e aço, 3 , 3 , 3 , 4 , 3 , 4 , 5 , 7 , 7 , 8 , 9 , 8 , 10 , 11 , 13 , 13 , 13 , 14 , 15 , 11 , 13 , 13 , 13 , 12 , 12 , 12 , 11 
1.A.2.b.       Metais não ferrosos, 4 , 3 , 3 , 3 , 4 , 4 , 1 , 1 , 1 , 2 , 2 , 2 , 2 , 2 , 2 , 2 , 2 , 3 , 2 , 2 , 6 , 7 , 7 , 7 , 7 , 6 , 6 
1.A.2.c.       Produtos quimicos, 30 , 28 , 24 , 25 , 28 , 25 , 21 , 19 , 18 , 20 , 21 , 19 , 18 , 21 , 21 , 22 , 23 , 24 , 22 , 22 , 23 , 23 , 22 , 22 , 21 , 22 , 20 
"1.A.2.d.       Celulose, papel e impressão", 255 , 268 , 315 , 357 , 382 , 370 , 388 , 397 , 443 , 472 , 484 , 482 , 524 , 603 , 637 , 675 , 729 , 773 , 821 , 871 , 942 , 943 , 929 , 994 ," 1,074 "," 1,153 "," 1,232 "
"1.A.2.e.       Processamento de alimentos, bebidas e tabaco", 211 , 216 , 183 , 184 , 194 , 194 , 204 , 206 , 218 , 228 , 216 , 228 , 237 , 291 , 258 , 267 , 279 , 298 , 298 , 318 , 415 , 419 , 380 , 370 , 363 , 351 , 349 
1.A.2.f.       Minerais não metálicos, 199 , 178 , 156 , 168 , 176 , 174 , 201 , 187 , 197 , 235 , 259 , 265 , 255 , 254 , 271 , 286 , 302 , 324 , 364 , 351 , 373 , 431 , 436 , 455 , 457 , 405 , 364 
1.A.2.g.       Equipamentos de transporte, 63 , 62 , 47 , 50 , 52 , 55 , 54 , 54 , 56 , 62 , 67 , 64 , 57 , 76 , 79 , 78 , 81 , 86 , 90 , 90 , 98 , 103 , 101 , 103 , 102 , 96 , 90 
1.A.2.i.       Mineração (exceto combustíveis) e extração, 10 , 11 , 10 , 6 , 7 , 2 , 4 , 4 , 4 , 8 , 9 , 9 , 8 , 10 , 14 , 20 , 20 , 25 , 26 , 22 , 27 , 29 , 27 , 28 , 29 , 29 , 22 
1.A.2.l.       Têxtil e couro, 14 , 13 , 9 , 9 , 9 , 9 , 10 , 9 , 9 , 8 , 7 , 7 , 7 , 8 , 8 , 8 , 9 , 9 , 9 , 8 , 8 , 7 , 7 , 7 , 6 , 6 , 5 
1.A.3.     Transporte," 5,307 "," 5,583 "," 5,413 "," 5,359 "," 5,392 "," 5,471 "," 5,521 "," 5,188 "," 4,794 "," 4,264 "," 3,642 "," 3,216 "," 3,032 "," 2,809 "," 2,800 "," 2,654 "," 2,497 "," 2,616 "," 2,499 "," 2,309 "," 2,227 "," 2,102 "," 2,055 "," 1,940 "," 1,862 "," 1,676 "," 1,595 "
1.A.3.a.ii.          Aviação doméstica, 4 , 4 , 4 , 4 , 4 , 4 , 5 , 5 , 6 , 5 , 6 , 6 , 6 , 4 , 4 , 4 , 4 , 4 , 3 , 4 , 5 , 5 , 6 , 5 , 6 , 5 , 5 
1.A.3.b.       Transporte rodoviário," 5,289 "," 5,565 "," 5,395 "," 5,340 "," 5,375 "," 5,454 "," 5,501 "," 5,172 "," 4,777 "," 4,247 "," 3,625 "," 3,198 "," 3,011 "," 2,790 "," 2,779 "," 2,633 "," 2,476 "," 2,592 "," 2,474 "," 2,284 "," 2,200 "," 2,074 "," 2,027 "," 1,911 "," 1,832 "," 1,651 "," 1,571 "
1.A.3.c.       Transporte Ferroviário, 6 , 6 , 6 , 6 , 4 , 5 , 4 , 3 , 4 , 4 , 4 , 5 , 7 , 7 , 8 , 9 , 10 , 10 , 11 , 10 , 10 , 11 , 11 , 11 , 11 , 10 , 10 
1.A.3.d.ii.          Navegação doméstica, 8 , 8 , 8 , 9 , 9 , 8 , 11 , 8 , 8 , 8 , 7 , 8 , 8 , 7 , 8 , 9 , 8 , 10 , 11 , 10 , 10 , 10 , 10 , 10 , 11 , 7 , 6 
1.A.3.e.       Outros transportes, -   , -   , -   , -   , -   , -   , -   , -   , -   , -   , -   , -   , -   , -   , -   , -   , -   , -   , -   , -   , 2 , 1 , 2 , 3 , 3 , 3 , 3 
1.A.4.     Outros Setores," 1,534 "," 1,524 "," 1,515 "," 1,345 "," 1,310 "," 1,194 "," 1,169 "," 1,183 "," 1,202 "," 1,238 "," 1,263 "," 1,317 "," 1,460 "," 1,523 "," 1,546 "," 1,577 "," 1,583 "," 1,515 "," 1,510 "," 1,485 "," 1,436 "," 1,300 "," 1,295 "," 1,166 "," 1,245 "," 1,287 "," 1,217 "
1.A.4.a.       Comercial / institucional, 5 , 5 , 5 , 5 , 5 , 5 , 5 , 5 , 5 , 5 , 5 , 4 , 4 , 5 , 5 , 4 , 5 , 5 , 5 , 5 , 5 , 5 , 5 , 5 , 5 , 5 , 5 
1.A.4.b.       Residencial," 1,443 "," 1,433 "," 1,427 "," 1,254 "," 1,218 "," 1,098 "," 1,072 "," 1,084 "," 1,107 "," 1,142 "," 1,172 "," 1,221 "," 1,362 "," 1,419 "," 1,439 "," 1,468 "," 1,473 "," 1,398 "," 1,382 "," 1,362 "," 1,307 "," 1,173 "," 1,167 "," 1,032 "," 1,106 "," 1,143 "," 1,091 "
1.A.4.c.       Agricultura / silvicultura / pesca / piscicultura, 87 , 87 , 83 , 86 , 87 , 91 , 93 , 94 , 91 , 91 , 87 , 91 , 94 , 100 , 102 , 104 , 106 , 112 , 123 , 118 , 124 , 121 , 123 , 128 , 133 , 138 , 121 
1.A.5.     Não Especificado, 1 , 1 , 1 , 1 , 1 , 1 , 1 , 5 , 3 , 1 , 1 , 1 , 1 , 1 , 1 , 1 , 1 , 1 , 1 , 1 , 1 , 0 , 1 , 1 , 1 , 0 , 0 
1.B.   Emissões Fugitivas a Partir da Produção de Combustíveis, -   , -   , -   , -   , -   , -   , -   , -   , -   , -   , -   , -   , -   , -   , -   , -   , -   , -   , -   , -   , -   , -   , -   , -   , -   , -   , -   
1.B.1.     Combustíveis sólidos, NO , NO , NO , NO , NO , NO , NO , NO , NO , NO , NO , NO , NO , NO , NO , NO , NO , NO , NO , NO , NO , NO , NO , NO , NO , NO , NO 
1.B.2.     Petróleo e Gás Natural , -   , -   , -   , -   , -   , -   , -   , -   , -   , -   , -   , -   , -   , -   , -   , -   , -   , -   , -   , -   , -   , -   , -   , -   , -   , -   , -   
1.C.   Transporte e armazenamento de CO2, NA , NA , NA , NA , NA , NA , NA , NA , NA , NA , NA , NA , NA , NA , NA , NA , NA , NA , NA , NA , NA , NA , NA , NA , NA , NA , NA 

"Ministério da Ciência, Tecnologia e Inovações",,,,,,,,,,,,,,,,,,,,,,,,,,,
Sistema de Registro Nacional de Emissões (SIRENE),,,,,,,,,,,,,,,,,,,,,,,,,,,

Resultados do 4º Inventário Nacional (1990- 2016),,,,,,,,,,,,,,,,,,,,,,,,,,,

"NOx 
(Gg)",1990,1991,1992,1993,1994,1995,1996,1997,1998,1999,2000,2001,2002,2003,2004,2005,2006,2007,2008,2009,2010,2011,2012,2013,2014,2015,2016
1. Energia," 1,445 "," 1,501 "," 1,539 "," 1,587 "," 1,638 "," 1,721 "," 1,825 "," 1,891 "," 1,926 "," 1,985 "," 1,959 "," 1,985 "," 1,970 "," 1,941 "," 2,033 "," 2,037 "," 2,042 "," 2,138 "," 2,259 "," 2,163 "," 2,265 "," 2,283 "," 2,382 "," 2,490 "," 2,568 "," 2,387 "," 2,191 "
1.A.   Atividades de Queima de Combustíveis (abordagem setorial)," 1,445 "," 1,501 "," 1,539 "," 1,587 "," 1,638 "," 1,721 "," 1,825 "," 1,891 "," 1,926 "," 1,985 "," 1,959 "," 1,985 "," 1,970 "," 1,941 "," 2,033 "," 2,037 "," 2,042 "," 2,138 "," 2,259 "," 2,163 "," 2,265 "," 2,283 "," 2,382 "," 2,490 "," 2,568 "," 2,387 "," 2,191 "
1.A.1.     Indústrias de Energia, 221 , 231 , 249 , 251 , 258 , 268 , 290 , 332 , 339 , 384 , 391 , 410 , 372 , 404 , 444 , 471 , 480 , 489 , 567 , 539 , 539 , 550 , 637 , 753 , 849 , 804 , 695 
1.A.1.a.       Produção de eletricidade e calor como atividade principal, 53 , 60 , 66 , 58 , 62 , 80 , 79 , 100 , 106 , 153 , 138 , 142 , 108 , 121 , 141 , 145 , 141 , 127 , 150 , 118 , 157 , 138 , 199 , 276 , 337 , 303 , 214 
1.A.1.b.       Refino de petróleo, 92 , 91 , 100 , 111 , 114 , 104 , 118 , 126 , 135 , 142 , 153 , 157 , 149 , 152 , 162 , 178 , 176 , 186 , 197 , 196 , 168 , 191 , 195 , 206 , 229 , 215 , 205 
1.A.1.c.       Produção de combustíveis sólidos e outras indústrias de energia, 76 , 80 , 82 , 82 , 82 , 83 , 93 , 106 , 97 , 89 , 100 , 111 , 115 , 131 , 141 , 148 , 163 , 175 , 220 , 225 , 215 , 221 , 243 , 271 , 284 , 286 , 276 
1.A.2.     Indústrias de Transformação e Construção, 140 , 145 , 150 , 155 , 170 , 181 , 194 , 208 , 215 , 233 , 238 , 240 , 246 , 249 , 255 , 265 , 278 , 303 , 303 , 298 , 327 , 345 , 346 , 347 , 352 , 341 , 337 
1.A.2.a.       Ferro e aço, 11 , 12 , 13 , 14 , 14 , 13 , 12 , 13 , 12 , 13 , 14 , 13 , 14 , 14 , 15 , 16 , 15 , 16 , 17 , 14 , 16 , 16 , 17 , 16 , 17 , 16 , 16 
1.A.2.b.       Metais não ferrosos, 3 , 3 , 3 , 3 , 4 , 5 , 7 , 6 , 7 , 8 , 9 , 8 , 9 , 10 , 10 , 10 , 11 , 12 , 12 , 9 , 23 , 25 , 25 , 24 , 26 , 25 , 25 
1.A.2.c.       Produtos quimicos, 28 , 29 , 30 , 30 , 34 , 39 , 44 , 50 , 48 , 57 , 62 , 61 , 63 , 62 , 64 , 62 , 65 , 71 , 64 , 65 , 60 , 60 , 60 , 58 , 55 , 57 , 54 
"1.A.2.d.       Celulose, papel e impressão", 17 , 18 , 21 , 22 , 24 , 24 , 26 , 25 , 27 , 29 , 30 , 29 , 31 , 33 , 34 , 38 , 38 , 41 , 44 , 46 , 48 , 49 , 48 , 50 , 55 , 57 , 63 
"1.A.2.e.       Processamento de alimentos, bebidas e tabaco", 31 , 32 , 34 , 35 , 40 , 41 , 43 , 45 , 50 , 53 , 46 , 53 , 57 , 62 , 63 , 66 , 72 , 78 , 76 , 79 , 90 , 90 , 93 , 91 , 88 , 85 , 92 
1.A.2.f.       Minerais não metálicos, 26 , 29 , 25 , 25 , 26 , 29 , 32 , 36 , 36 , 37 , 39 , 37 , 34 , 32 , 30 , 33 , 35 , 39 , 43 , 43 , 47 , 54 , 54 , 56 , 57 , 51 , 46 
1.A.2.g.       Equipamentos de transporte, 13 , 13 , 13 , 14 , 16 , 16 , 15 , 17 , 19 , 19 , 20 , 18 , 17 , 17 , 17 , 17 , 17 , 19 , 20 , 21 , 20 , 22 , 21 , 23 , 24 , 21 , 18 
1.A.2.i.       Mineração (exceto combustíveis) e extração, 7 , 7 , 7 , 8 , 10 , 11 , 12 , 13 , 13 , 15 , 17 , 17 , 18 , 18 , 20 , 22 , 22 , 25 , 23 , 19 , 23 , 27 , 26 , 27 , 29 , 28 , 23 
1.A.2.l.       Têxtil e couro, 4 , 3 , 3 , 3 , 3 , 3 , 3 , 3 , 3 , 3 , 3 , 2 , 2 , 2 , 2 , 2 , 2 , 3 , 2 , 2 , 2 , 2 , 2 , 2 , 2 , 1 , 1 
1.A.3.     Transporte, 926 , 964 , 975 ," 1,006 "," 1,025 "," 1,078 "," 1,143 "," 1,139 "," 1,172 "," 1,160 "," 1,130 "," 1,121 "," 1,136 "," 1,074 "," 1,120 "," 1,089 "," 1,070 "," 1,120 "," 1,141 "," 1,086 "," 1,153 "," 1,149 "," 1,152 "," 1,143 "," 1,108 ", 980 , 935 
1.A.3.a.ii.          Aviação doméstica, 5 , 5 , 5 , 5 , 5 , 6 , 6 , 7 , 8 , 7 , 7 , 8 , 7 , 5 , 6 , 5 , 5 , 6 , 6 , 7 , 8 , 9 , 9 , 9 , 9 , 9 , 8 
1.A.3.b.       Transporte rodoviário, 806 , 848 , 854 , 872 , 908 , 960 ," 1,003 "," 1,034 "," 1,059 "," 1,046 "," 1,027 "," 1,006 "," 1,009 ", 955 , 985 , 950 , 929 , 954 , 965 , 917 , 960 , 966 , 963 , 940 , 886 , 806 , 773 
1.A.3.c.       Transporte Ferroviário, 27 , 27 , 28 , 28 , 21 , 23 , 21 , 17 , 18 , 18 , 21 , 24 , 36 , 35 , 40 , 43 , 47 , 51 , 52 , 51 , 51 , 52 , 53 , 53 , 52 , 50 , 49 
1.A.3.d.ii.          Navegação doméstica, 88 , 85 , 89 , 101 , 91 , 90 , 113 , 81 , 87 , 89 , 75 , 83 , 84 , 78 , 89 , 91 , 88 , 109 , 118 , 111 , 112 , 108 , 105 , 106 , 121 , 79 , 60 
1.A.3.e.       Outros transportes, -   , -   , -   , -   , -   , -   , -   , -   , -   , -   , -   , -   , -   , -   , -   , -   , -   , -   , -   , -   , 22 , 15 , 20 , 36 , 40 , 36 , 45 
1.A.4.     Outros Setores, 155 , 159 , 162 , 174 , 184 , 192 , 197 , 204 , 198 , 206 , 199 , 214 , 214 , 213 , 213 , 211 , 213 , 225 , 246 , 239 , 244 , 238 , 246 , 245 , 257 , 263 , 224 
1.A.4.a.       Comercial / institucional, 7 , 6 , 6 , 7 , 11 , 11 , 8 , 9 , 10 , 12 , 10 , 10 , 11 , 8 , 8 , 7 , 7 , 8 , 9 , 9 , 5 , 5 , 5 , 5 , 5 , 5 , 5 
1.A.4.b.       Residencial, 29 , 29 , 30 , 28 , 27 , 26 , 27 , 27 , 27 , 28 , 28 , 29 , 31 , 31 , 31 , 31 , 31 , 31 , 31 , 31 , 31 , 29 , 29 , 28 , 29 , 29 , 29 
1.A.4.c.       Agricultura / silvicultura / pesca / piscicultura, 119 , 124 , 126 , 139 , 146 , 155 , 162 , 168 , 161 , 166 , 160 , 174 , 172 , 175 , 173 , 173 , 175 , 186 , 206 , 200 , 208 , 204 , 212 , 213 , 223 , 228 , 190 
1.A.5.     Não Especificado, 2 , 1 , 3 , 1 , 1 , 1 , 1 , 8 , 1 , 1 , 1 , 1 , 1 , 1 , 1 , 1 , 1 , 1 , 2 , 1 , 1 , 1 , 1 , 1 , 1 , 1 , 1 
1.B.   Emissões Fugitivas a Partir da Produção de Combustíveis, -   , -   , -   , -   , -   , -   , -   , -   , -   , -   , -   , -   , -   , -   , -   , -   , -   , -   , -   , -   , -   , -   , -   , -   , -   , -   , -   
1.B.1.     Combustíveis sólidos, NO , NO , NO , NO , NO , NO , NO , NO , NO , NO , NO , NO , NO , NO , NO , NO , NO , NO , NO , NO , NO , NO , NO , NO , NO , NO , NO 
1.B.2.     Petróleo e Gás Natural , -   , -   , -   , -   , -   , -   , -   , -   , -   , -   , -   , -   , -   , -   , -   , -   , -   , -   , -   , -   , -   , -   , -   , -   , -   , -   , -   
1.C.   Transporte e armazenamento de CO2, NA , NA , NA , NA , NA , NA , NA , NA , NA , NA , NA , NA , NA , NA , NA , NA , NA , NA , NA , NA , NA , NA , NA , NA , NA , NA , NA 

"Ministério da Ciência, Tecnologia e Inovações",,,,,,,,,,,,,,,,,,,,,,,,,,,
Sistema de Registro Nacional de Emissões (SIRENE),,,,,,,,,,,,,,,,,,,,,,,,,,,

Resultados do 4º Inventário Nacional (1990- 2016),,,,,,,,,,,,,,,,,,,,,,,,,,,

"NMVOC 
(Gg)",1990,1991,1992,1993,1994,1995,1996,1997,1998,1999,2000,2001,2002,2003,2004,2005,2006,2007,2008,2009,2010,2011,2012,2013,2014,2015,2016
1. Energia," 1,696 "," 1,704 "," 1,640 "," 1,616 "," 1,620 "," 1,596 "," 1,567 "," 1,490 "," 1,396 "," 1,320 "," 1,222 "," 1,135 "," 1,132 "," 1,141 "," 1,187 "," 1,164 "," 1,133 "," 1,164 "," 1,154 ", 998 ," 1,008 ", 979 , 960 , 906 , 900 , 866 , 799 
1.A.   Atividades de Queima de Combustíveis (abordagem setorial)," 1,696 "," 1,704 "," 1,640 "," 1,616 "," 1,620 "," 1,596 "," 1,567 "," 1,490 "," 1,396 "," 1,320 "," 1,222 "," 1,135 "," 1,132 "," 1,141 "," 1,187 "," 1,164 "," 1,133 "," 1,164 "," 1,154 ", 998 ," 1,008 ", 979 , 960 , 906 , 900 , 866 , 799 
1.A.1.     Indústrias de Energia, 338 , 300 , 276 , 289 , 294 , 272 , 244 , 238 , 217 , 232 , 249 , 234 , 245 , 287 , 330 , 328 , 322 , 332 , 337 , 227 , 251 , 262 , 254 , 238 , 236 , 234 , 202 
1.A.1.a.       Produção de eletricidade e calor como atividade principal, 1 , 1 , 1 , 1 , 1 , 1 , 1 , 2 , 2 , 3 , 2 , 2 , 2 , 3 , 3 , 3 , 3 , 2 , 3 , 2 , 4 , 3 , 4 , 5 , 7 , 5 , 3 
1.A.1.b.       Refino de petróleo, 1 , 1 , 1 , 1 , 1 , 1 , 1 , 1 , 1 , 1 , 1 , 1 , 1 , 1 , 1 , 1 , 1 , 1 , 1 , 1 , 1 , 1 , 1 , 1 , 2 , 2 , 1 
1.A.1.c.       Produção de combustíveis sólidos e outras indústrias de energia, 336 , 298 , 274 , 287 , 292 , 270 , 242 , 235 , 214 , 229 , 246 , 231 , 242 , 283 , 326 , 324 , 319 , 329 , 332 , 224 , 246 , 258 , 249 , 231 , 227 , 227 , 198 
1.A.2.     Indústrias de Transformação e Construção, 32 , 31 , 30 , 30 , 32 , 32 , 31 , 31 , 35 , 40 , 43 , 45 , 44 , 47 , 48 , 50 , 54 , 59 , 61 , 61 , 68 , 72 , 71 , 73 , 71 , 68 , 66 
1.A.2.a.       Ferro e aço, 1 , 1 , 1 , 1 , 1 , 1 , 1 , 1 , 1 , 1 , 1 , 1 , 1 , 2 , 2 , 2 , 2 , 2 , 2 , 2 , 2 , 2 , 2 , 2 , 2 , 2 , 2 
1.A.2.b.       Metais não ferrosos, 0 , 0 , 0 , 0 , 0 , 0 , 0 , 0 , 0 , 0 , 0 , 0 , 0 , 0 , 0 , 0 , 0 , 0 , 0 , 0 , 1 , 1 , 1 , 1 , 1 , 1 , 1 
1.A.2.c.       Produtos quimicos, 2 , 2 , 2 , 2 , 3 , 3 , 2 , 2 , 2 , 3 , 3 , 3 , 3 , 3 , 3 , 3 , 3 , 4 , 3 , 3 , 3 , 3 , 3 , 3 , 3 , 3 , 3 
"1.A.2.d.       Celulose, papel e impressão", 8 , 8 , 9 , 9 , 9 , 9 , 8 , 8 , 10 , 10 , 10 , 11 , 11 , 13 , 12 , 13 , 15 , 16 , 17 , 17 , 19 , 19 , 17 , 19 , 17 , 18 , 19 
"1.A.2.e.       Processamento de alimentos, bebidas e tabaco", 9 , 10 , 9 , 9 , 9 , 9 , 10 , 10 , 10 , 10 , 10 , 10 , 10 , 11 , 11 , 11 , 12 , 13 , 13 , 14 , 15 , 15 , 16 , 15 , 15 , 14 , 15 
1.A.2.f.       Minerais não metálicos, 6 , 6 , 5 , 5 , 6 , 6 , 7 , 6 , 8 , 11 , 13 , 14 , 14 , 12 , 13 , 14 , 15 , 16 , 18 , 17 , 20 , 23 , 24 , 25 , 25 , 22 , 20 
1.A.2.g.       Equipamentos de transporte, 3 , 3 , 2 , 2 , 2 , 2 , 2 , 2 , 2 , 3 , 4 , 3 , 3 , 4 , 4 , 4 , 4 , 4 , 5 , 5 , 5 , 5 , 5 , 5 , 5 , 5 , 4 
1.A.2.i.       Mineração (exceto combustíveis) e extração, 1 , 1 , 1 , 1 , 1 , 0 , 1 , 1 , 1 , 1 , 1 , 1 , 1 , 1 , 2 , 2 , 2 , 3 , 3 , 2 , 3 , 3 , 3 , 3 , 3 , 3 , 3 
1.A.2.l.       Têxtil e couro, 1 , 1 , 0 , 0 , 0 , 0 , 0 , 0 , 0 , 0 , 0 , 0 , 0 , 0 , 0 , 0 , 0 , 0 , 0 , 0 , 0 , 0 , 0 , 0 , 0 , 0 , 0 
1.A.3.     Transporte," 1,069 "," 1,117 "," 1,081 "," 1,069 "," 1,071 "," 1,086 "," 1,089 "," 1,015 ", 938 , 835 , 715 , 632 , 596 , 550 , 548 , 519 , 488 , 513 , 493 , 454 , 439 , 415 , 406 , 385 , 369 , 332 , 314 
1.A.3.a.ii.          Aviação doméstica, 1 , 1 , 1 , 1 , 1 , 1 , 1 , 1 , 1 , 1 , 1 , 1 , 1 , 1 , 1 , 1 , 1 , 0 , 0 , 0 , 0 , 1 , 1 , 1 , 1 , 1 , 1 
1.A.3.b.       Transporte rodoviário," 1,063 "," 1,111 "," 1,075 "," 1,062 "," 1,066 "," 1,080 "," 1,083 "," 1,010 ", 932 , 829 , 709 , 626 , 589 , 543 , 540 , 511 , 481 , 505 , 484 , 445 , 430 , 406 , 397 , 376 , 360 , 324 , 307 
1.A.3.c.       Transporte Ferroviário, 2 , 2 , 2 , 3 , 2 , 2 , 2 , 2 , 2 , 2 , 2 , 2 , 3 , 3 , 4 , 4 , 4 , 5 , 5 , 5 , 5 , 5 , 5 , 5 , 5 , 4 , 4 
1.A.3.d.ii.          Navegação doméstica, 3 , 3 , 3 , 3 , 3 , 3 , 4 , 3 , 3 , 3 , 3 , 3 , 3 , 3 , 3 , 3 , 3 , 4 , 4 , 4 , 4 , 4 , 4 , 4 , 4 , 3 , 2 
1.A.3.e.       Outros transportes, -   , -   , -   , -   , -   , -   , -   , -   , -   , -   , -   , -   , -   , -   , -   , -   , -   , -   , -   , -   , 0 , 0 , 0 , 0 , 0 , 0 , 0 
1.A.4.     Outros Setores, 258 , 256 , 253 , 228 , 223 , 206 , 202 , 205 , 207 , 212 , 215 , 223 , 246 , 257 , 262 , 267 , 268 , 260 , 262 , 256 , 250 , 229 , 229 , 211 , 224 , 231 , 217 
1.A.4.a.       Comercial / institucional, 3 , 3 , 3 , 3 , 3 , 3 , 3 , 3 , 3 , 3 , 3 , 3 , 3 , 3 , 3 , 3 , 3 , 3 , 3 , 3 , 3 , 3 , 3 , 3 , 3 , 3 , 3 
1.A.4.b.       Residencial, 216 , 215 , 214 , 188 , 183 , 165 , 161 , 163 , 166 , 171 , 176 , 183 , 204 , 213 , 216 , 220 , 221 , 210 , 207 , 204 , 196 , 176 , 175 , 155 , 166 , 172 , 164 
1.A.4.c.       Agricultura / silvicultura / pesca / piscicultura, 38 , 38 , 36 , 36 , 37 , 38 , 39 , 39 , 37 , 37 , 36 , 37 , 39 , 41 , 43 , 43 , 44 , 47 , 51 , 49 , 51 , 50 , 50 , 53 , 55 , 57 , 51 
1.A.5.     Não Especificado, 0 , 0 , 0 , 0 , 0 , 0 , 0 , 0 , 0 , 0 , 0 , 0 , 0 , 0 , 0 , 0 , 0 , 0 , 0 , 0 , 0 , 0 , 0 , 0 , 0 , 0 , 0 
1.B.   Emissões Fugitivas a Partir da Produção de Combustíveis, -   , -   , -   , -   , -   , -   , -   , -   , -   , -   , -   , -   , -   , -   , -   , -   , -   , -   , -   , -   , -   , -   , -   , -   , -   , -   , -   
1.B.1.     Combustíveis sólidos, NO , NO , NO , NO , NO , NO , NO , NO , NO , NO , NO , NO , NO , NO , NO , NO , NO , NO , NO , NO , NO , NO , NO , NO , NO , NO , NO 
1.B.2.     Petróleo e Gás Natural , -   , -   , -   , -   , -   , -   , -   , -   , -   , -   , -   , -   , -   , -   , -   , -   , -   , -   , -   , -   , -   , -   , -   , -   , -   , -   , -   
1.C.   Transporte e armazenamento de CO2, NA , NA , NA , NA , NA , NA , NA , NA , NA , NA , NA , NA , NA , NA , NA , NA , NA , NA , NA , NA , NA , NA , NA , NA , NA , NA , NA 

