,0
0,"Industry, Innovation and Infrastructure"
1,Responsible Consumption and Production
2,Climate Action
3,"Industry, Innovation and Infrastructure"
4,Responsible Consumption and Production
5,Climate Action
6,"Industry, Innovation and Infrastructure"
7,Responsible Consumption and Production
8,Climate Action
9,"Industry, Innovation and Infrastructure"
10,Responsible Consumption and Production
11,Climate Action
12,"Industry, Innovation and Infrastructure"
13,Responsible Consumption and Production
14,Climate Action
15,"Industry, Innovation and Infrastructure"
16,Responsible Consumption and Production
17,Climate Action
18,"Industry, Innovation and Infrastructure"
19,Responsible Consumption and Production
20,Climate Action
21,"Industry, Innovation and Infrastructure"
22,Responsible Consumption and Production
23,Climate Action
24,"Industry, Innovation and Infrastructure"
25,Responsible Consumption and Production
26,Climate Action
27,"Industry, Innovation and Infrastructure"
28,Responsible Consumption and Production
29,Climate Action
30,"Industry, Innovation and Infrastructure"
31,Responsible Consumption and Production
32,Climate Action
33,"Industry, Innovation and Infrastructure"
34,Responsible Consumption and Production
35,Climate Action
36,"Industry, Innovation and Infrastructure"
37,Responsible Consumption and Production
38,Climate Action
39,"Industry, Innovation and Infrastructure"
40,Responsible Consumption and Production
41,Climate Action
42,"Industry, Innovation and Infrastructure"
43,Responsible Consumption and Production
44,Climate Action
45,"Industry, Innovation and Infrastructure"
46,Responsible Consumption and Production
47,Climate Action
48,"Industry, Innovation and Infrastructure"
49,Responsible Consumption and Production
50,Climate Action
51,"Industry, Innovation and Infrastructure"
52,Responsible Consumption and Production
53,Climate Action
54,"Industry, Innovation and Infrastructure"
55,Responsible Consumption and Production
56,Climate Action
57,"Industry, Innovation and Infrastructure"
58,Responsible Consumption and Production
59,Climate Action
60,"Industry, Innovation and Infrastructure"
61,Responsible Consumption and Production
62,Climate Action
63,"Industry, Innovation and Infrastructure"
64,Responsible Consumption and Production
65,Climate Action
66,"Industry, Innovation and Infrastructure"
67,Responsible Consumption and Production
68,Climate Action
69,"Industry, Innovation and Infrastructure"
70,Responsible Consumption and Production
71,Climate Action
72,"Industry, Innovation and Infrastructure"
73,Responsible Consumption and Production
74,Climate Action
75,"Industry, Innovation and Infrastructure"
76,Responsible Consumption and Production
77,Climate Action
78,Clean Water and Sanitation
79,Climate Action
80,Life on Land
81,Zero Hunger
82,"Industry, Innovation and Infrastructure"
83,Climate Action
84,"Industry, Innovation and Infrastructure"
85,Climate Action
86,Clean Water and Sanitation
87,Climate Action
88,Life on Land
89,Clean Water and Sanitation
90,Climate Action
91,Life on Land
92,Zero Hunger
93,"Industry, Innovation and Infrastructure"
94,Climate Action
95,Clean Water and Sanitation
96,Climate Action
97,Life on Land
98,Clean Water and Sanitation
99,Climate Action
100,Life on Land
101,Clean Water and Sanitation
102,Climate Action
103,Life on Land
104,Clean Water and Sanitation
105,Climate Action
106,Life on Land
107,Clean Water and Sanitation
108,Climate Action
109,Life on Land
110,Clean Water and Sanitation
111,Climate Action
112,Life on Land
113,Clean Water and Sanitation
114,Climate Action
115,Life on Land
116,Clean Water and Sanitation
117,Climate Action
118,Life on Land
119,Clean Water and Sanitation
120,Climate Action
121,Life on Land
122,Clean Water and Sanitation
123,Climate Action
124,Life on Land
125,Clean Water and Sanitation
126,Climate Action
127,Life on Land
128,Clean Water and Sanitation
129,Climate Action
130,Life on Land
131,Clean Water and Sanitation
132,Climate Action
133,Life on Land
134,Clean Water and Sanitation
135,Climate Action
136,Life on Land
137,Clean Water and Sanitation
138,Climate Action
139,Life on Land
140,Clean Water and Sanitation
141,Climate Action
142,Life on Land
143,Clean Water and Sanitation
144,Climate Action
145,Life on Land
146,Clean Water and Sanitation
147,Climate Action
148,Life on Land
149,Clean Water and Sanitation
150,Climate Action
151,Life on Land
152,Clean Water and Sanitation
153,Climate Action
154,Life on Land
155,Clean Water and Sanitation
156,Climate Action
157,Life on Land
158,Clean Water and Sanitation
159,Climate Action
160,Life on Land
161,Clean Water and Sanitation
162,Climate Action
163,Life on Land
164,Clean Water and Sanitation
165,Climate Action
166,Life on Land
167,Clean Water and Sanitation
168,Climate Action
169,Life on Land
170,Clean Water and Sanitation
171,Climate Action
172,Life on Land
173,"Industry, Innovation and Infrastructure"
174,Climate Action
175,"Industry, Innovation and Infrastructure"
176,Climate Action
177,Clean Water and Sanitation
178,Climate Action
179,Life on Land
180,Clean Water and Sanitation
181,Climate Action
182,Life on Land
183,"Industry, Innovation and Infrastructure"
184,Climate Action
185,Clean Water and Sanitation
186,Climate Action
187,Life on Land
188,Clean Water and Sanitation
189,Climate Action
190,Life on Land
191,"Industry, Innovation and Infrastructure"
192,Sustainable Cities and Communities
193,Climate Action
194,Affordable and Clean Energy
195,"Industry, Innovation and Infrastructure"
196,Climate Action
197,Zero Hunger
198,Clean Water and Sanitation
199,Climate Action
200,Zero Hunger
201,"Industry, Innovation and Infrastructure"
202,Climate Action
203,"Industry, Innovation and Infrastructure"
204,Climate Action
205,Clean Water and Sanitation
206,Climate Action
207,Life on Land
208,Clean Water and Sanitation
209,Climate Action
210,Life on Land
211,"Industry, Innovation and Infrastructure"
212,Responsible Consumption and Production
213,Climate Action
214,"Industry, Innovation and Infrastructure"
215,Climate Action
216,Zero Hunger
217,"Industry, Innovation and Infrastructure"
218,Climate Action
219,Clean Water and Sanitation
220,Climate Action
221,Life on Land
222,Clean Water and Sanitation
223,Climate Action
224,Life on Land
225,"Industry, Innovation and Infrastructure"
226,Responsible Consumption and Production
227,Climate Action
228,Affordable and Clean Energy
229,"Industry, Innovation and Infrastructure"
230,Climate Action
231,Zero Hunger
232,"Industry, Innovation and Infrastructure"
233,Climate Action
234,"Industry, Innovation and Infrastructure"
235,Responsible Consumption and Production
236,Climate Action
237,"Industry, Innovation and Infrastructure"
238,Responsible Consumption and Production
239,Climate Action
240,Zero Hunger
241,"Industry, Innovation and Infrastructure"
242,Climate Action
243,"Industry, Innovation and Infrastructure"
244,Climate Action
245,"Industry, Innovation and Infrastructure"
246,Climate Action
247,Zero Hunger
248,Clean Water and Sanitation
249,Climate Action
250,Life on Land
251,Zero Hunger
252,Clean Water and Sanitation
253,Climate Action
254,Life on Land
255,"Industry, Innovation and Infrastructure"
256,Responsible Consumption and Production
257,Climate Action
258,"Industry, Innovation and Infrastructure"
259,Responsible Consumption and Production
260,Climate Action
261,"Industry, Innovation and Infrastructure"
262,Responsible Consumption and Production
263,Climate Action
264,"Industry, Innovation and Infrastructure"
265,Responsible Consumption and Production
266,Climate Action
267,"Industry, Innovation and Infrastructure"
268,Responsible Consumption and Production
269,Climate Action
270,"Industry, Innovation and Infrastructure"
271,Responsible Consumption and Production
272,Climate Action
273,"Industry, Innovation and Infrastructure"
274,Responsible Consumption and Production
275,Climate Action
276,"Industry, Innovation and Infrastructure"
277,Responsible Consumption and Production
278,Climate Action
279,"Industry, Innovation and Infrastructure"
280,Responsible Consumption and Production
281,Climate Action
282,"Industry, Innovation and Infrastructure"
283,Responsible Consumption and Production
284,Climate Action
285,"Industry, Innovation and Infrastructure"
286,Responsible Consumption and Production
287,Climate Action
288,"Industry, Innovation and Infrastructure"
289,Responsible Consumption and Production
290,Climate Action
291,"Industry, Innovation and Infrastructure"
292,Responsible Consumption and Production
293,Climate Action
294,"Industry, Innovation and Infrastructure"
295,Responsible Consumption and Production
296,Climate Action
297,"Industry, Innovation and Infrastructure"
298,Responsible Consumption and Production
299,Climate Action
300,"Industry, Innovation and Infrastructure"
301,Responsible Consumption and Production
302,Climate Action
303,"Industry, Innovation and Infrastructure"
304,Responsible Consumption and Production
305,Climate Action
306,"Industry, Innovation and Infrastructure"
307,Responsible Consumption and Production
308,Climate Action
309,"Industry, Innovation and Infrastructure"
310,Responsible Consumption and Production
311,Climate Action
312,"Industry, Innovation and Infrastructure"
313,Responsible Consumption and Production
314,Climate Action
315,"Industry, Innovation and Infrastructure"
316,Responsible Consumption and Production
317,Climate Action
318,"Industry, Innovation and Infrastructure"
319,Responsible Consumption and Production
320,Climate Action
321,Clean Water and Sanitation
322,Climate Action
323,Life on Land
324,Clean Water and Sanitation
325,Climate Action
326,Life on Land
327,Clean Water and Sanitation
328,Climate Action
329,Life on Land
330,Clean Water and Sanitation
331,Climate Action
332,Life on Land
333,Clean Water and Sanitation
334,Climate Action
335,Life on Land
336,Clean Water and Sanitation
337,Climate Action
338,Life on Land
339,Clean Water and Sanitation
340,Climate Action
341,Life on Land
342,Clean Water and Sanitation
343,Climate Action
344,Life on Land
345,Clean Water and Sanitation
346,Climate Action
347,Life on Land
348,Clean Water and Sanitation
349,Climate Action
350,Life on Land
351,Clean Water and Sanitation
352,Climate Action
353,Life on Land
354,Clean Water and Sanitation
355,Climate Action
356,Life on Land
357,Clean Water and Sanitation
358,Climate Action
359,Life on Land
360,Clean Water and Sanitation
361,Climate Action
362,Life on Land
363,Clean Water and Sanitation
364,Climate Action
365,Life on Land
366,"Industry, Innovation and Infrastructure"
367,Responsible Consumption and Production
368,Climate Action
369,"Industry, Innovation and Infrastructure"
370,Responsible Consumption and Production
371,Climate Action
372,"Industry, Innovation and Infrastructure"
373,Responsible Consumption and Production
374,Climate Action
375,"Industry, Innovation and Infrastructure"
376,Responsible Consumption and Production
377,Climate Action
378,"Industry, Innovation and Infrastructure"
379,Responsible Consumption and Production
380,Climate Action
381,"Industry, Innovation and Infrastructure"
382,Responsible Consumption and Production
383,Climate Action
384,"Industry, Innovation and Infrastructure"
385,Responsible Consumption and Production
386,Climate Action
387,"Industry, Innovation and Infrastructure"
388,Responsible Consumption and Production
389,Climate Action
390,"Industry, Innovation and Infrastructure"
391,Responsible Consumption and Production
392,Climate Action
393,"Industry, Innovation and Infrastructure"
394,Responsible Consumption and Production
395,Climate Action
396,"Industry, Innovation and Infrastructure"
397,Responsible Consumption and Production
398,Climate Action
399,"Industry, Innovation and Infrastructure"
400,Responsible Consumption and Production
401,Climate Action
402,"Industry, Innovation and Infrastructure"
403,Responsible Consumption and Production
404,Climate Action
405,"Industry, Innovation and Infrastructure"
406,Responsible Consumption and Production
407,Climate Action
408,"Industry, Innovation and Infrastructure"
409,Responsible Consumption and Production
410,Climate Action
411,"Industry, Innovation and Infrastructure"
412,Responsible Consumption and Production
413,Climate Action
414,"Industry, Innovation and Infrastructure"
415,Responsible Consumption and Production
416,Climate Action
417,"Industry, Innovation and Infrastructure"
418,Responsible Consumption and Production
419,Climate Action
420,"Industry, Innovation and Infrastructure"
421,Responsible Consumption and Production
422,Climate Action
423,"Industry, Innovation and Infrastructure"
424,Responsible Consumption and Production
425,Climate Action
426,"Industry, Innovation and Infrastructure"
427,Responsible Consumption and Production
428,Climate Action
429,Clean Water and Sanitation
430,Climate Action
431,Life on Land
432,Clean Water and Sanitation
433,Climate Action
434,Life on Land
435,Zero Hunger
436,"Industry, Innovation and Infrastructure"
437,Climate Action
438,Clean Water and Sanitation
439,Climate Action
440,Life on Land
441,Clean Water and Sanitation
442,Climate Action
443,Life on Land
444,Clean Water and Sanitation
445,Climate Action
446,Life on Land
447,Clean Water and Sanitation
448,Climate Action
449,Life on Land
450,Clean Water and Sanitation
451,Climate Action
452,Life on Land
453,Clean Water and Sanitation
454,Climate Action
455,Life on Land
456,Clean Water and Sanitation
457,Climate Action
458,Life on Land
459,Clean Water and Sanitation
460,Climate Action
461,Life on Land
462,Clean Water and Sanitation
463,Climate Action
464,Life on Land
465,Zero Hunger
466,"Industry, Innovation and Infrastructure"
467,Climate Action
468,Clean Water and Sanitation
469,Climate Action
470,Life on Land
471,Zero Hunger
472,"Industry, Innovation and Infrastructure"
473,Climate Action
474,Clean Water and Sanitation
475,Climate Action
476,Life on Land
477,"Industry, Innovation and Infrastructure"
478,Responsible Consumption and Production
479,Climate Action
480,"Industry, Innovation and Infrastructure"
481,Responsible Consumption and Production
482,Climate Action
483,"Industry, Innovation and Infrastructure"
484,Responsible Consumption and Production
485,Climate Action
486,"Industry, Innovation and Infrastructure"
487,Responsible Consumption and Production
488,Climate Action
489,"Industry, Innovation and Infrastructure"
490,Responsible Consumption and Production
491,Climate Action
492,"Industry, Innovation and Infrastructure"
493,Responsible Consumption and Production
494,Climate Action
495,"Industry, Innovation and Infrastructure"
496,Responsible Consumption and Production
497,Climate Action
498,"Industry, Innovation and Infrastructure"
499,Responsible Consumption and Production
500,Climate Action
501,Clean Water and Sanitation
502,Climate Action
503,Life on Land
504,Zero Hunger
505,"Industry, Innovation and Infrastructure"
506,Climate Action
507,Zero Hunger
508,"Industry, Innovation and Infrastructure"
509,Climate Action
510,"Industry, Innovation and Infrastructure"
511,Climate Action
512,"Industry, Innovation and Infrastructure"
513,Responsible Consumption and Production
514,Climate Action
515,"Industry, Innovation and Infrastructure"
516,Responsible Consumption and Production
517,Climate Action
518,"Industry, Innovation and Infrastructure"
519,Responsible Consumption and Production
520,Climate Action
521,"Industry, Innovation and Infrastructure"
522,Responsible Consumption and Production
523,Climate Action
524,"Industry, Innovation and Infrastructure"
525,Responsible Consumption and Production
526,Climate Action
527,"Industry, Innovation and Infrastructure"
528,Responsible Consumption and Production
529,Climate Action
530,"Industry, Innovation and Infrastructure"
531,Responsible Consumption and Production
532,Climate Action
533,"Industry, Innovation and Infrastructure"
534,Responsible Consumption and Production
535,Climate Action
536,"Industry, Innovation and Infrastructure"
537,Responsible Consumption and Production
538,Climate Action
539,"Industry, Innovation and Infrastructure"
540,Responsible Consumption and Production
541,Climate Action
542,"Industry, Innovation and Infrastructure"
543,Responsible Consumption and Production
544,Climate Action
545,Clean Water and Sanitation
546,Climate Action
547,Life on Land
548,"Industry, Innovation and Infrastructure"
549,Sustainable Cities and Communities
550,Climate Action
551,"Industry, Innovation and Infrastructure"
552,Sustainable Cities and Communities
553,Climate Action
554,Zero Hunger
555,"Industry, Innovation and Infrastructure"
556,Climate Action
557,Clean Water and Sanitation
558,Climate Action
559,Life on Land
560,Clean Water and Sanitation
561,Climate Action
562,Life on Land
563,Clean Water and Sanitation
564,Climate Action
565,Life on Land
566,Affordable and Clean Energy
567,"Industry, Innovation and Infrastructure"
568,Climate Action
569,"Industry, Innovation and Infrastructure"
570,Climate Action
571,"Industry, Innovation and Infrastructure"
572,Climate Action
573,"Industry, Innovation and Infrastructure"
574,Climate Action
575,Clean Water and Sanitation
576,Climate Action
577,Life on Land
578,"Industry, Innovation and Infrastructure"
579,Climate Action
580,Affordable and Clean Energy
581,Sustainable Cities and Communities
582,Climate Action
583,Affordable and Clean Energy
584,Sustainable Cities and Communities
585,Climate Action
586,Zero Hunger
587,Clean Water and Sanitation
588,Climate Action
589,"Industry, Innovation and Infrastructure"
590,Climate Action
591,"Industry, Innovation and Infrastructure"
592,Climate Action
593,"Industry, Innovation and Infrastructure"
594,Climate Action
595,"Industry, Innovation and Infrastructure"
596,Climate Action
597,"Industry, Innovation and Infrastructure"
598,Climate Action
599,"Industry, Innovation and Infrastructure"
600,Climate Action
601,Clean Water and Sanitation
602,Climate Action
603,Life on Land
604,"Industry, Innovation and Infrastructure"
605,Climate Action
606,"Industry, Innovation and Infrastructure"
607,Climate Action
608,Clean Water and Sanitation
609,Climate Action
610,Life on Land
611,Zero Hunger
612,"Industry, Innovation and Infrastructure"
613,Climate Action
614,Clean Water and Sanitation
615,Climate Action
616,Life on Land
617,"Industry, Innovation and Infrastructure"
618,Responsible Consumption and Production
619,Climate Action
620,"Industry, Innovation and Infrastructure"
621,Responsible Consumption and Production
622,Climate Action
623,Affordable and Clean Energy
624,Sustainable Cities and Communities
625,Climate Action
626,"Industry, Innovation and Infrastructure"
627,Sustainable Cities and Communities
628,Climate Action
629,"Industry, Innovation and Infrastructure"
630,Responsible Consumption and Production
631,Climate Action
632,"Industry, Innovation and Infrastructure"
633,Responsible Consumption and Production
634,Climate Action
635,Zero Hunger
636,"Industry, Innovation and Infrastructure"
637,Climate Action
638,Zero Hunger
639,"Industry, Innovation and Infrastructure"
640,Climate Action
641,"Industry, Innovation and Infrastructure"
642,Sustainable Cities and Communities
643,Climate Action
644,Zero Hunger
645,"Industry, Innovation and Infrastructure"
646,Climate Action
647,Zero Hunger
648,"Industry, Innovation and Infrastructure"
649,Climate Action
650,Clean Water and Sanitation
651,Climate Action
652,Life on Land
653,Clean Water and Sanitation
654,Climate Action
655,Life on Land
656,"Industry, Innovation and Infrastructure"
657,Responsible Consumption and Production
658,Climate Action
659,"Industry, Innovation and Infrastructure"
660,Responsible Consumption and Production
661,Climate Action
662,"Industry, Innovation and Infrastructure"
663,Responsible Consumption and Production
664,Climate Action
665,"Industry, Innovation and Infrastructure"
666,Responsible Consumption and Production
667,Climate Action
668,"Industry, Innovation and Infrastructure"
669,Responsible Consumption and Production
670,Climate Action
671,"Industry, Innovation and Infrastructure"
672,Responsible Consumption and Production
673,Climate Action
674,"Industry, Innovation and Infrastructure"
675,Responsible Consumption and Production
676,Climate Action
677,"Industry, Innovation and Infrastructure"
678,Responsible Consumption and Production
679,Climate Action
680,"Industry, Innovation and Infrastructure"
681,Responsible Consumption and Production
682,Climate Action
683,"Industry, Innovation and Infrastructure"
684,Responsible Consumption and Production
685,Climate Action
686,"Industry, Innovation and Infrastructure"
687,Responsible Consumption and Production
688,Climate Action
689,"Industry, Innovation and Infrastructure"
690,Responsible Consumption and Production
691,Climate Action
692,"Industry, Innovation and Infrastructure"
693,Responsible Consumption and Production
694,Climate Action
695,"Industry, Innovation and Infrastructure"
696,Responsible Consumption and Production
697,Climate Action
698,"Industry, Innovation and Infrastructure"
699,Responsible Consumption and Production
700,Climate Action
701,"Industry, Innovation and Infrastructure"
702,Responsible Consumption and Production
703,Climate Action
704,"Industry, Innovation and Infrastructure"
705,Responsible Consumption and Production
706,Climate Action
707,"Industry, Innovation and Infrastructure"
708,Responsible Consumption and Production
709,Climate Action
710,"Industry, Innovation and Infrastructure"
711,Responsible Consumption and Production
712,Climate Action
713,"Industry, Innovation and Infrastructure"
714,Responsible Consumption and Production
715,Climate Action
716,"Industry, Innovation and Infrastructure"
717,Responsible Consumption and Production
718,Climate Action
719,"Industry, Innovation and Infrastructure"
720,Responsible Consumption and Production
721,Climate Action
722,"Industry, Innovation and Infrastructure"
723,Responsible Consumption and Production
724,Climate Action
725,"Industry, Innovation and Infrastructure"
726,Responsible Consumption and Production
727,Climate Action
728,"Industry, Innovation and Infrastructure"
729,Responsible Consumption and Production
730,Climate Action
731,"Industry, Innovation and Infrastructure"
732,Responsible Consumption and Production
733,Climate Action
734,"Industry, Innovation and Infrastructure"
735,Responsible Consumption and Production
736,Climate Action
737,"Industry, Innovation and Infrastructure"
738,Responsible Consumption and Production
739,Climate Action
740,"Industry, Innovation and Infrastructure"
741,Responsible Consumption and Production
742,Climate Action
743,"Industry, Innovation and Infrastructure"
744,Responsible Consumption and Production
745,Climate Action
746,"Industry, Innovation and Infrastructure"
747,Responsible Consumption and Production
748,Climate Action
749,"Industry, Innovation and Infrastructure"
750,Responsible Consumption and Production
751,Climate Action
752,"Industry, Innovation and Infrastructure"
753,Responsible Consumption and Production
754,Climate Action
755,"Industry, Innovation and Infrastructure"
756,Responsible Consumption and Production
757,Climate Action
758,"Industry, Innovation and Infrastructure"
759,Responsible Consumption and Production
760,Climate Action
761,"Industry, Innovation and Infrastructure"
762,Responsible Consumption and Production
763,Climate Action
764,"Industry, Innovation and Infrastructure"
765,Responsible Consumption and Production
766,Climate Action
767,"Industry, Innovation and Infrastructure"
768,Responsible Consumption and Production
769,Climate Action
770,"Industry, Innovation and Infrastructure"
771,Responsible Consumption and Production
772,Climate Action
773,"Industry, Innovation and Infrastructure"
774,Responsible Consumption and Production
775,Climate Action
776,"Industry, Innovation and Infrastructure"
777,Responsible Consumption and Production
778,Climate Action
779,"Industry, Innovation and Infrastructure"
780,Climate Action
781,Good Health and Well-Being
782,"Industry, Innovation and Infrastructure"
783,Sustainable Cities and Communities
784,Climate Action
785,Good Health and Well-Being
786,"Industry, Innovation and Infrastructure"
787,Sustainable Cities and Communities
788,Climate Action
789,Good Health and Well-Being
790,"Industry, Innovation and Infrastructure"
791,Sustainable Cities and Communities
792,Climate Action
793,"Industry, Innovation and Infrastructure"
794,Responsible Consumption and Production
795,Climate Action
796,"Industry, Innovation and Infrastructure"
797,Sustainable Cities and Communities
798,Climate Action
799,Clean Water and Sanitation
800,Climate Action
801,Life on Land
802,"Industry, Innovation and Infrastructure"
803,Climate Action
804,"Industry, Innovation and Infrastructure"
805,Responsible Consumption and Production
806,Climate Action
807,"Industry, Innovation and Infrastructure"
808,Responsible Consumption and Production
809,Climate Action
810,"Industry, Innovation and Infrastructure"
811,Responsible Consumption and Production
812,Climate Action
813,"Industry, Innovation and Infrastructure"
814,Responsible Consumption and Production
815,Climate Action
816,"Industry, Innovation and Infrastructure"
817,Responsible Consumption and Production
818,Climate Action
819,"Industry, Innovation and Infrastructure"
820,Responsible Consumption and Production
821,Climate Action
822,"Industry, Innovation and Infrastructure"
823,Responsible Consumption and Production
824,Climate Action
825,"Industry, Innovation and Infrastructure"
826,Responsible Consumption and Production
827,Climate Action
828,"Industry, Innovation and Infrastructure"
829,Responsible Consumption and Production
830,Climate Action
831,Clean Water and Sanitation
832,Climate Action
833,Life on Land
834,Clean Water and Sanitation
835,Climate Action
836,Life on Land
837,"Industry, Innovation and Infrastructure"
838,Responsible Consumption and Production
839,Climate Action
840,"Industry, Innovation and Infrastructure"
841,Responsible Consumption and Production
842,Climate Action
843,"Industry, Innovation and Infrastructure"
844,Responsible Consumption and Production
845,Climate Action
846,"Industry, Innovation and Infrastructure"
847,Responsible Consumption and Production
848,Climate Action
849,"Industry, Innovation and Infrastructure"
850,Responsible Consumption and Production
851,Climate Action
852,Clean Water and Sanitation
853,Climate Action
854,Life on Land
855,Clean Water and Sanitation
856,Climate Action
857,Life on Land
858,Zero Hunger
859,"Industry, Innovation and Infrastructure"
860,Climate Action
861,Clean Water and Sanitation
862,Climate Action
863,Life on Land
864,"Industry, Innovation and Infrastructure"
865,Climate Action
866,Zero Hunger
867,"Industry, Innovation and Infrastructure"
868,Climate Action
